"GDP, current prices (Billions of U.S. dollars)",1980,1981,1982,1983,1984,1985,1986,1987,1988,1989,1990,1991,1992,1993,1994,1995,1996,1997,1998,1999,2000,2001,2002,2003,2004,2005,2006,2007,2008,2009,2010,2011,2012,2013,2014,2015,2016,2017,2018,2019,2020,2021,2022,2023,2024,2025,2026,2027,2028
,,,,,,,,,,,,,,,,,,,,,,,,,,,,,,,,,,,,,,,,,,,,,,,,,
Afghanistan,"no data","no data","no data","no data","no data","no data","no data","no data","no data","no data","no data","no data","no data","no data","no data","no data","no data","no data","no data","no data","no data","no data",4.367,4.553,5.146,6.167,6.925,8.556,10.297,12.066,15.325,17.89,20.293,20.17,20.616,20.057,18.02,18.883,18.401,18.876,20.136,"no data","no data","no data","no data","no data","no data","no data","no data"
Albania,1.946,2.229,2.296,2.319,2.29,2.339,2.587,2.566,2.53,2.779,2.221,1.333,0.843,1.461,2.361,2.882,3.2,2.259,2.56,3.209,3.483,3.928,4.348,5.611,7.185,8.052,8.896,10.677,12.881,12.044,11.937,12.899,12.324,12.784,13.246,11.389,11.862,13.053,15.157,15.399,15.161,18.31,18.509,20.177,20.847,21.932,23.086,24.217,25.46
Algeria,42.346,44.372,44.78,47.529,51.513,61.132,61.535,63.3,51.664,52.558,61.892,46.67,49.217,50.963,42.426,42.066,46.941,48.178,48.188,48.845,54.749,54.745,56.761,67.864,85.332,103.198,117.027,134.977,171.001,137.211,161.207,200.02,209.059,209.755,213.81,165.979,160.034,167.498,174.868,171.673,145.656,163.138,195.415,206.007,210.86,218.341,225.09,228.991,232.992
Andorra,"no data","no data","no data","no data","no data","no data","no data","no data","no data","no data","no data","no data","no data","no data","no data","no data","no data","no data","no data","no data",1.429,1.547,1.758,2.362,2.896,3.158,3.456,3.952,4.082,3.675,3.446,3.625,3.189,3.193,3.267,2.789,2.895,2.993,3.217,3.155,2.885,3.33,3.4,3.669,3.823,3.868,3.87,3.874,3.838
Angola,6.639,6.214,6.214,6.476,6.864,8.457,7.918,9.05,9.818,11.421,12.571,12.186,9.395,6.819,4.965,6.197,7.994,9.388,7.958,7.526,11.166,10.93,15.286,17.813,23.552,36.971,52.381,65.266,88.539,70.307,83.799,111.79,128.053,136.71,145.712,116.194,101.124,122.022,101.353,84.516,57.139,74.791,121.417,117.877,124.102,130.262,136.042,143.146,151.54
"Antigua and Barbuda",0.131,0.148,0.164,0.182,0.208,0.241,0.29,0.337,0.399,0.439,0.459,0.482,0.499,0.535,0.589,0.577,0.634,0.681,0.728,0.766,0.826,0.8,0.814,0.856,0.92,1.023,1.158,1.313,1.37,1.228,1.149,1.138,1.2,1.181,1.25,1.337,1.437,1.468,1.606,1.688,1.37,1.471,1.682,1.864,2.016,2.139,2.242,2.349,2.461
Argentina,233.696,189.802,94.25,116.267,130.544,98.599,118.565,121.561,142.386,91.352,158.024,211.979,255.787,264.429,287.835,288.497,304.282,327.436,334.244,316.998,317.759,300.421,112.458,142.431,164.911,199.273,232.892,287.921,363.545,334.633,424.729,527.644,579.666,611.471,563.614,642.464,556.774,643.861,524.431,451.815,389.064,486.702,632.241,641.102,638.583,635.705,650.141,680.511,712.153
Armenia,"no data","no data","no data","no data","no data","no data","no data","no data","no data","no data","no data","no data",0.108,0.835,0.648,1.287,1.597,1.639,1.892,1.845,1.912,2.118,2.376,2.807,3.577,4.9,6.384,9.206,11.662,8.648,9.26,10.142,10.619,11.121,11.61,10.553,10.546,11.527,12.458,13.619,12.642,13.861,19.503,23.725,25.121,26.251,27.295,28.896,31.021
Aruba,"no data","no data","no data","no data","no data","no data","no data","no data","no data","no data","no data","no data","no data","no data","no data",1.321,1.38,1.532,1.665,1.723,1.873,1.896,1.962,2.044,2.255,2.36,2.47,2.678,2.843,2.554,2.454,2.638,2.615,2.728,2.791,2.963,2.984,3.092,3.202,3.369,2.61,3.126,3.493,3.633,3.766,3.904,4.028,4.154,4.284
Australia,162.956,188.447,187.086,179.513,197.174,174.418,181.513,213.141,271.141,308.362,324.085,324.471,318.093,309.308,353.374,379.071,424.689,426.424,381.387,411.727,399.96,377.78,425.288,541.063,658.572,735.94,782.797,949.526,1056.487,1000.801,1254.497,1515.076,1569.43,1519.024,1456.6,1233.101,1263.521,1381.624,1417.03,1385.258,1360.687,1646.391,1701.893,1707.548,1720.118,1787.454,1854.393,1929.678,2005.403
Austria,80.923,70.121,70.111,71.032,67.007,68.624,97.375,121.771,133.591,133.263,166.866,174.435,195.506,190.383,203.97,241.234,237.343,213.045,218.557,217.475,197.377,197.51,214.243,262.208,301.321,316.267,336.298,389.231,432.005,401.323,392.595,431.609,409.661,430.197,442.699,382.01,395.728,417.114,455.198,444.67,434.877,480.688,471.685,515.199,530.106,548.97,563.804,584.249,595.398
Azerbaijan,"no data","no data","no data","no data","no data","no data","no data","no data","no data","no data","no data","no data",1.193,1.309,2.258,2.417,3.177,3.963,4.28,4.581,5.273,5.475,6.232,7.276,8.682,13.273,21.027,33.09,48.979,44.289,52.913,65.99,69.687,74.16,75.24,50.844,37.83,41.375,47.113,48.174,42.693,54.622,69.906,70.03,74.681,79.506,84.001,88.614,93.633
"Bahamas, The",2.598,2.692,3.031,3.373,3.603,3.923,4.241,4.669,4.855,5.473,5.218,5.128,5.125,5.097,5.372,5.653,5.95,6.332,6.833,7.684,8.076,8.318,8.881,8.87,9.055,9.836,10.167,10.618,10.526,9.982,10.096,10.07,10.72,10.563,11.176,11.862,11.835,12.358,12.756,13.193,9.7,11.209,13.038,14.114,14.766,15.33,15.887,16.424,16.974
Bahrain,3.593,4.056,4.264,4.368,4.534,4.278,3.347,3.626,4.481,4.675,4.965,5.209,5.442,5.986,6.411,6.787,7.057,7.318,6.996,7.582,9.063,9.189,9.594,11.075,13.15,15.969,18.505,21.73,25.711,22.938,25.713,28.777,30.749,32.539,33.388,31.051,32.235,35.474,37.802,38.654,34.622,39.303,44.388,44.87,47.094,49.353,51.466,53.721,56.119
Bangladesh,24.775,26.355,24.678,23.904,26.817,28.819,29.639,32.449,34.914,38.07,41.068,42.488,43.292,43.684,46.438,51.842,55.445,57.599,59.879,61.526,61.687,62.537,65.036,71.755,77.152,79.53,86.028,95.374,109.765,122.76,138.094,154.097,159.749,179.676,207.102,233.687,265.236,293.755,321.379,351.238,373.902,416.265,460.201,420.516,469.346,525.29,589,663.597,744.067
Barbados,1.018,1.12,1.171,1.243,1.355,1.418,1.557,1.714,1.823,2.018,2.024,2.032,1.957,2.075,2.163,2.229,2.377,2.513,2.833,2.969,3.059,3.055,3.106,3.21,3.444,3.82,4.217,4.674,4.785,4.466,4.53,4.658,4.61,4.677,4.696,4.715,4.83,4.978,5.087,5.298,4.716,4.868,5.665,6.117,6.517,6.868,7.199,7.524,7.863
Belarus,"no data","no data","no data","no data","no data","no data","no data","no data","no data","no data","no data","no data",12.8,11.408,15.687,10.532,14.494,14.091,15.215,12.133,10.785,12.778,15.092,18.42,23.928,31.239,38.219,46.815,62.798,50.855,57.22,61.368,65.669,75.496,78.736,56.329,47.703,54.723,60.011,64.414,61.312,68.207,73.12,73.543,75.264,77.662,80.035,82.49,85.829
Belgium,123.478,102.245,89.958,85.037,81.237,84.467,117.063,145.411,158.097,159.816,200.149,205.369,228.732,218.72,238.622,288.301,279.292,253.022,258.876,258.5,236.897,236.748,258.2,318.004,369.047,385.927,408.281,470.978,517.27,482.73,481.814,523.239,496.467,521.799,535.529,462.383,475.931,502.587,543.546,535.89,524.791,594.5,582.21,624.248,642.69,659.488,676.908,694.044,708.916
Belize,0.23,0.239,0.239,0.252,0.281,0.279,0.304,0.355,0.42,0.484,0.549,0.599,0.693,0.751,0.772,0.819,0.851,0.868,0.914,0.975,1.116,1.163,1.233,1.298,1.39,1.462,1.581,1.696,1.729,1.681,1.739,1.82,1.903,2.03,2.138,2.21,2.258,2.286,2.315,2.417,2.08,2.492,2.95,3.162,3.306,3.425,3.537,3.651,3.77
Benin,2.302,1.557,1.542,1.365,1.456,1.58,2.036,2.43,2.552,2.37,2.89,2.954,3.284,3.199,2.227,2.993,3.251,3.124,3.362,3.681,3.522,3.666,4.191,5.348,6.187,6.571,7.034,8.17,9.787,9.728,9.543,10.691,11.148,12.518,13.288,11.389,11.818,12.697,14.257,14.392,15.674,17.699,17.413,19.236,20.638,21.77,22.829,23.793,25.7
Bhutan,0.123,0.133,0.14,0.151,0.156,0.162,0.183,0.222,0.254,0.253,0.273,0.236,0.231,0.242,0.245,0.287,0.301,0.337,0.371,0.389,0.423,0.441,0.481,0.572,0.649,0.758,0.812,0.995,1.26,1.184,1.399,1.695,1.772,1.806,1.784,1.974,2.064,2.294,2.509,2.452,2.421,2.442,2.642,2.683,2.837,3.056,3.342,3.547,3.758
Bolivia,3.589,3.44,3.813,3.609,3.752,4.059,3.97,4.323,4.598,4.716,4.868,5.335,5.635,5.724,5.974,6.707,7.385,7.919,8.49,8.269,8.385,8.155,7.917,8.092,8.785,9.573,11.52,13.216,16.792,17.464,19.786,24.135,27.282,30.883,33.237,33.241,34.189,37.782,40.581,41.193,36.897,40.703,43.221,46.097,48.707,51.619,54.601,57.812,61.211
"Bosnia and Herzegovina","no data","no data","no data","no data","no data","no data","no data","no data","no data","no data","no data","no data","no data","no data","no data","no data",3.584,4.578,5.281,5.766,5.554,5.784,6.711,8.477,10.157,10.935,12.46,15.323,18.712,17.601,17.164,18.629,17.207,18.155,18.522,16.404,17.117,18.326,20.484,20.483,20.226,23.65,25.484,28.488,29.951,30.732,31.296,31.561,31.73
Botswana,1.174,1.037,1.094,1.208,1.2,1.117,1.515,2.374,3.082,3.441,3.799,3.802,3.928,3.957,4.258,4.805,4.926,5.011,4.808,5.413,5.682,5.46,5.395,7.469,8.819,9.833,9.919,10.566,10.731,10.118,12.637,15.111,13.907,14.272,15.47,13.531,15.083,16.105,17.032,16.696,14.93,18.768,19.176,19.572,20.914,22.208,23.876,25.589,27.471
Brazil,145.819,167.583,179.166,143.652,142.957,226.938,263.256,286.539,320.105,439.434,455.335,399.249,382.465,429.184,546.764,770.86,851.146,883.862,864.307,599.642,655.454,559.982,509.798,558.232,669.29,891.633,1107.628,1397.114,1695.855,1669.204,2208.704,2614.027,2464.053,2471.718,2456.055,1800.046,1796.622,2063.519,1916.934,1873.286,1476.092,1648.699,1924.134,2081.235,2210.617,2321.85,2449.002,2587.519,2758.832
"Brunei Darussalam","no data","no data","no data","no data","no data",4.831,3.291,3.872,3.689,4.109,4.923,5.254,5.526,5.588,6.002,7.153,7.204,7.043,5.353,5.779,6.65,6.206,6.475,7.266,8.723,10.561,12.71,13.571,15.975,11.893,13.707,18.527,19.047,18.092,17.098,12.931,11.399,12.128,13.568,13.47,12.005,14.01,16.639,15.506,15.902,16.504,16.967,17.626,18.207
Bulgaria,32.352,34.895,36.394,37.4,39.728,34.016,30.106,34.897,57.029,58.082,25.608,2.509,10.183,5.527,9.716,16.276,12.295,11.317,15.031,13.628,13.246,14.183,16.403,21.146,26.158,29.868,34.38,44.432,54.476,52.024,50.683,57.68,54.299,55.812,57.082,50.782,53.949,59.322,66.428,68.92,70.346,84.12,89.115,100.635,105.919,111.191,116.288,121.581,126.428
"Burkina Faso",2.386,2.076,1.934,1.767,1.579,1.746,2.29,2.665,2.942,2.942,3.488,3.526,3.775,3.599,2.164,2.676,2.909,2.753,3.155,3.393,2.97,3.19,3.62,4.74,5.449,6.15,6.548,7.627,9.45,9.44,10.118,12.078,12.569,13.445,13.947,11.833,12.817,14.175,15.896,16.179,17.96,19.748,19.568,21.076,22.645,24.372,26.071,27.838,29.568
Burundi,0.951,0.989,1.045,1.106,1.005,1.17,1.233,1.161,1.088,1.131,1.131,1.167,1.082,0.938,0.924,1,0.868,0.972,0.893,0.866,0.87,0.877,0.825,0.785,0.915,1.117,1.273,1.356,1.612,1.775,2.032,2.236,2.333,2.456,2.706,3.104,2.96,3.172,3.037,3.012,3.086,3.351,3.894,3.234,3.341,3.881,4.362,4.909,5.467
"Cabo Verde",0.157,0.154,0.155,0.152,0.145,0.152,0.21,0.26,0.292,0.295,0.339,0.353,0.395,0.398,0.448,0.536,0.553,0.54,0.575,0.657,0.609,0.616,0.679,0.891,1.023,1.091,1.237,1.513,1.788,1.698,1.664,1.866,1.742,1.85,1.86,1.597,1.663,1.77,2.155,2.172,1.871,2.112,2.224,2.468,2.636,2.758,2.867,2.948,3.011
Cambodia,"no data","no data","no data","no data","no data","no data",0.205,0.141,0.276,0.346,0.899,2.011,2.439,2.427,2.765,3.441,3.507,3.443,3.13,3.513,3.667,3.992,4.289,4.665,5.334,6.286,7.267,8.63,10.341,10.391,11.232,12.817,14.056,15.227,16.702,18.082,20.043,22.206,24.598,27.087,25.771,26.601,28.544,30.628,32.934,35.53,38.415,41.404,44.657
Cameroon,8.85,10.026,9.616,9.692,10.243,10.698,13.945,16.152,16.403,14.626,14.641,16.325,14.963,15.611,10.622,10.075,11.227,11.352,11.338,11.553,10.245,10.95,12.369,15.944,18.803,19.534,20.912,23.931,27.712,27.903,27.53,30.626,30.174,33.729,36.396,32.213,33.805,36.086,39.992,39.673,40.863,45.391,43.716,48.625,52.603,55.154,57.138,58.896,60.298
Canada,276.064,307.246,314.639,341.863,356.728,366.184,379.015,433.14,509.38,567.225,596.089,612.514,594.376,579.059,579.913,605.941,630.598,655.01,634.004,678.417,744.631,738.968,760.149,895.599,1026.473,1173.505,1319.356,1468.896,1552.864,1376.509,1617.345,1793.327,1828.362,1846.595,1805.751,1556.508,1527.996,1649.266,1725.3,1743.725,1647.598,2001.487,2139.84,2089.674,2178.816,2280.955,2385.395,2492.361,2605.184
"Central African Republic",0.714,0.743,0.719,0.69,0.67,0.883,1.158,1.275,1.372,1.354,1.572,1.498,1.494,1.309,0.858,1.117,1,0.979,1.036,1.039,0.868,0.899,0.983,1.188,1.31,1.413,1.538,1.755,2.033,2.059,2.141,2.435,2.512,1.692,1.896,1.696,1.825,2.072,2.279,2.278,2.389,2.585,2.462,2.736,2.909,3.016,3.11,3.185,3.373
Chad,0.738,0.873,0.844,0.844,0.907,0.983,1.211,1.372,1.604,1.515,1.826,1.809,1.886,1.648,1.335,1.636,1.819,1.748,1.975,1.739,1.572,1.936,2.257,3.102,5.003,6.676,7.451,8.687,10.43,9.315,10.701,12.183,12.411,12.994,14.003,10.952,10.202,10.079,11.042,10.993,10.757,11.8,11.909,11.962,12.577,13.282,14.127,15.038,16.008
Chile,29.032,34.374,25.63,20.819,20.246,17.36,18.662,22.01,25.947,29.889,33.231,38.249,46.597,49.855,57.517,74.119,78.575,85.73,81.996,75.596,78.25,71.517,70.295,76.508,99.079,122.315,153.84,172.565,179.663,171.794,217.105,251.225,267.165,277.218,259.394,242.515,249.306,276.357,295.428,278.354,254.276,316.667,300.729,358.557,375.697,390.637,405.401,422.35,441.444
"China, People's Republic of",303.004,288.699,284.601,305.428,314.23,310.133,300.92,327.728,408.663,458.18,396.59,413.209,492.148,617.433,561.686,730.996,860.468,957.991,1024.167,1088.346,1205.532,1333.649,1465.829,1656.962,1949.446,2290.019,2754.149,3555.655,4577.28,5088.992,6033.83,7492.212,8539.584,9624.928,10524.241,11113.508,11226.897,12265.327,13841.812,14340.6,14862.564,17759.307,18100.044,19373.586,20881.368,22407.691,24035.813,25722.406,27492.803
Colombia,46.501,50.661,54.252,53.92,53.257,48.581,48.648,50.64,54.592,55.048,56.071,57.954,68.579,77.721,97.665,110.564,116.13,127.49,117.725,103.132,99.27,97.606,97.353,94.072,116.382,145.601,161.793,206.23,242.504,232.469,286.499,334.966,370.691,382.094,381.241,293.492,282.72,311.89,334.124,323.055,270.151,318.512,343.939,334.689,347.373,364.474,384.257,404.953,426.763
Comoros,0.242,0.212,0.201,0.195,0.188,0.191,0.257,0.312,0.336,0.328,0.401,0.4,0.436,0.427,0.314,0.392,0.392,0.362,0.363,0.372,0.339,0.373,0.427,0.547,0.622,0.656,0.689,0.796,0.916,0.904,0.909,1.023,1.016,1.116,1.15,0.966,1.013,1.077,1.179,1.188,1.218,1.285,1.233,1.348,1.406,1.493,1.585,1.677,1.762
"Congo, Dem. Rep. of the",68.606,59.726,64.939,52.378,34.951,31.943,35.84,33.932,39.314,40.006,41.448,40.25,36.333,47.45,25.746,25.021,32.099,28.819,21.089,19.147,19.077,7.246,8.72,9.022,10.275,12.72,15.403,18.598,22.665,18.626,22.34,26.406,30.074,34.908,38.355,40.154,38.086,39.461,48.037,50.891,48.707,56.516,62.859,69.474,77.081,85.728,95.383,105.936,116.867
"Congo, Republic of ",2.165,1.775,1.548,1.407,1.294,1.327,1.815,2.205,2.346,2.478,2.909,3.035,3.28,3.004,2.068,2.457,2.84,2.568,2.24,2.646,3.624,3.038,3.33,3.863,5.101,6.654,8.073,8.784,11.649,9.713,13.159,15.653,17.704,17.959,17.918,11.891,10.217,11.091,13.676,12.91,10.502,12.131,12.53,13.031,13.698,14.082,14.544,14.99,15.348
"Costa Rica",4.854,2.636,2.619,3.162,3.678,3.941,4.425,4.554,4.636,5.25,5.737,7.197,8.566,9.586,10.489,11.578,11.683,12.618,13.688,14.259,15.016,15.979,16.584,17.277,18.615,20.049,22.717,26.885,30.802,30.746,37.656,42.762,47.231,50.949,52.017,56.442,58.847,60.517,62.422,64.412,62.382,64.61,68.385,77.777,81.935,86.375,91.021,95.944,101.002
Croatia,"no data","no data","no data","no data","no data","no data","no data","no data","no data","no data","no data","no data",0.568,7.356,16.664,20.652,22.099,22.096,23.965,23.587,22.14,23.062,26.742,35.247,41.837,45.053,49.533,59.18,68.336,61.872,58.741,62.588,57.267,59.366,59.231,50.745,52.376,55.92,61.357,61.337,57.579,68.891,71.019,78.881,82.961,87.047,91.21,95.177,98.759
Cyprus,2.314,2.242,2.319,2.321,2.447,2.611,3.317,3.979,4.589,4.901,6.003,6.195,7.424,7.098,8.004,9.937,10.016,9.544,10.251,10.502,9.988,10.397,11.422,14.552,17.328,18.713,20.422,24.082,27.955,26.02,25.821,27.637,25.063,23.96,23.232,19.911,21.04,22.938,25.609,25.948,24.988,28.427,28.467,30.864,32.337,34.083,35.833,37.551,39.052
"Czech Republic","no data","no data","no data","no data","no data","no data","no data","no data","no data","no data","no data","no data","no data","no data","no data",60.139,67.388,62.171,66.782,65.173,61.823,67.809,82.184,100.125,119.815,137.143,156.264,189.988,237.131,207.558,209.07,229.563,208.858,211.686,209.359,188.033,196.272,218.629,249.001,252.548,245.975,281.791,290.397,330.483,355.859,378.374,394.847,408.88,422.35
"CÃ´te d'Ivoire",13.877,11.502,10.32,9.312,9.284,9.47,12.675,13.944,14.092,13.487,14.923,14.504,15.416,15.268,11.492,15.205,16.78,16.203,17.433,17.099,14.829,15.455,17.103,21.16,22.87,23.594,24.582,28.108,33.554,33.593,34.394,35.455,36.983,43.147,48.802,45.732,48.302,52.394,58.438,59.787,62.954,71.712,70.046,77.047,83.225,89.969,96.929,103.889,111.136
Denmark,71.127,61.878,60.413,60.645,59.105,62.658,88.079,109.414,115.552,112.41,138.248,139.226,152.915,143.195,156.164,185.008,187.633,173.539,176.991,177.964,164.158,164.791,178.635,218.097,251.375,264.467,282.886,319.424,353.359,321.243,321.995,344.003,327.149,343.584,352.994,302.673,313.116,332.121,356.841,346.499,355.223,398.303,390.677,405.626,419.888,437.632,455.95,475.381,495.77
Djibouti,"no data","no data","no data","no data","no data","no data","no data","no data","no data","no data",0.635,0.649,0.671,0.654,0.69,0.699,0.693,0.706,0.722,0.759,0.78,0.811,0.837,0.881,0.935,0.995,1.079,1.19,1.381,1.425,1.542,1.739,1.9,2.043,2.215,2.424,2.605,2.763,2.913,3.089,3.181,3.372,3.646,3.916,4.283,4.631,4.985,5.365,5.775
Dominica,0.073,0.082,0.09,0.099,0.109,0.119,0.135,0.152,0.171,0.185,0.201,0.22,0.234,0.246,0.264,0.275,0.292,0.303,0.322,0.332,0.333,0.34,0.333,0.343,0.367,0.364,0.39,0.421,0.458,0.489,0.494,0.501,0.486,0.498,0.52,0.541,0.576,0.522,0.555,0.612,0.504,0.537,0.612,0.681,0.73,0.776,0.813,0.852,0.892
"Dominican Republic",8.672,9.698,9.141,9.461,14.87,6.496,7.891,8.305,7.605,8.589,7.995,9.887,11.605,13.081,14.645,16.637,18.242,20.017,21.672,22.137,24.306,25.602,27.249,21.518,22.506,35.948,37.998,44.067,48.206,48.319,53.921,58.088,60.747,62.758,67.264,71.254,75.777,80.082,85.63,89.032,78.923,94.458,112.502,121.289,129.94,139.264,149.106,159.637,171.014
Ecuador,16.84,17.243,17.214,15.129,16.101,18.83,13.816,12.91,12.277,12.049,12.236,13.73,15.012,17.537,21.147,22.968,24.035,27.009,27.474,19.74,18.319,24.468,28.549,32.433,36.592,41.507,46.802,51.008,61.763,62.52,69.555,79.277,87.925,95.13,101.726,99.29,99.938,104.296,107.562,108.108,99.291,106.166,116.36,121.291,126.449,131.202,136.314,141.514,146.911
Egypt,23.523,25.76,30.479,37.254,41.888,48.841,54.076,77.359,92.53,115.362,96.087,48.431,44.168,49.526,54.55,63.25,71.118,79.777,89.189,95.039,104.752,102.273,90.261,85.163,82.855,94.127,112.902,137.055,170.797,198.316,230.024,247.726,294.482,303.194,321.634,350.119,351.443,246.826,263.156,317.894,382.525,423.3,475.231,387.11,368.308,400.6,434.209,470.474,509.92
"El Salvador",3.912,3.449,3.406,3.261,2.385,2.319,2.335,2.374,2.771,3.167,4.818,5.252,5.813,6.68,7.679,8.922,9.586,10.222,10.937,11.284,11.785,12.283,12.664,13.244,13.725,14.698,16,17.012,17.987,17.602,18.448,20.284,21.386,21.991,22.593,23.438,24.191,24.979,26.021,26.881,24.563,28.737,31.605,33.752,35.059,36.435,37.884,39.347,40.936
"Equatorial Guinea",0.032,0.03,0.035,0.04,0.044,0.074,0.091,0.111,0.119,0.105,0.133,0.132,0.16,0.162,0.12,0.169,0.276,0.526,0.44,0.738,1.159,1.674,2.071,3.768,5.954,8.187,10.095,13.089,19.83,15.088,16.314,21.357,22.388,21.949,21.765,13.185,11.241,12.201,13.097,11.364,10.099,12.269,16.451,15.099,13.238,12.386,12.513,12.848,12.979
Eritrea,"no data","no data","no data","no data","no data","no data","no data","no data","no data","no data","no data","no data",0.606,0.374,0.433,0.483,0.579,0.594,0.626,0.614,0.547,0.582,0.564,0.673,0.858,0.85,0.937,1.02,0.923,1.297,1.59,2.065,2.255,1.958,2.604,2.016,2.213,1.904,2.006,1.982,2.112,2.212,2.383,2.666,2.866,3.092,3.356,3.655,3.942
Estonia,"no data","no data","no data","no data","no data","no data","no data","no data","no data","no data","no data","no data","no data",1.791,2.507,3.909,4.785,5.16,5.678,5.772,5.707,6.269,7.391,9.891,12.158,14.126,17.047,22.476,24.433,19.693,19.568,23.21,23.034,25.116,26.641,22.893,24.066,26.915,30.639,31.085,31.345,37.216,38.131,41.551,44.556,48.538,51.975,55.506,59.072
Eswatini,0.754,0.798,0.714,0.734,0.628,0.497,0.635,0.831,0.986,1.006,1.237,1.285,1.425,1.497,1.621,1.932,1.83,1.957,1.797,1.764,1.739,1.544,1.436,2.198,2.774,3.177,3.293,3.465,3.298,3.596,4.438,4.826,4.887,4.6,4.426,4.061,3.815,4.407,4.665,4.495,3.984,4.744,4.462,4.824,5.11,5.268,5.423,5.55,5.621
Ethiopia,7.385,7.578,7.973,8.863,8.375,9.808,10.188,10.89,11.285,11.872,12.595,13.928,14.696,9.143,8.135,7.887,8.794,8.621,7.815,7.515,8.167,8.103,7.828,8.604,10.122,12.387,15.31,19.329,26.25,28.672,26.887,30.48,42.221,46.544,54.165,63.081,72.12,76.841,80.207,92.608,96.611,99.269,120.369,156.083,184.215,213.199,234.668,256.612,280.983
Fiji,1.303,1.339,1.293,1.217,1.276,1.236,1.398,1.276,1.202,1.281,1.448,1.5,1.659,1.772,1.977,2.134,2.307,2.268,1.795,2.104,1.824,1.798,1.996,2.509,2.954,3.257,3.361,3.688,3.816,3.106,3.402,4.094,4.303,4.539,4.857,4.682,4.93,5.353,5.581,5.482,4.477,4.296,4.837,5.385,6.106,6.534,6.936,7.334,7.739
Finland,53.714,52.62,53.111,51.056,53.032,56.223,73.652,91.775,109.255,119.106,141.718,128.194,113.134,89.279,103.739,134.339,132.183,127.076,134.212,135.398,126.075,129.534,140.305,171.609,197.39,204.999,217.101,256.408,285.685,253.222,249.628,275.556,258.454,271.366,274.934,234.558,240.705,255.558,275.833,268.545,271.668,296.585,281.047,301.67,310.607,319.374,328.025,336.151,343.237
France,702.243,618.954,588.015,562.499,532.339,557.561,772.838,935.117,1020.878,1026.179,1272.433,1273.594,1404.391,1324.236,1396.653,1602.13,1606.035,1454.555,1505.184,1494.634,1366.243,1377.667,1500.348,1844.083,2118.671,2198.16,2320.659,2660.905,2929.983,2697.955,2647.348,2864.653,2685.371,2811.918,2856.701,2439.436,2472.282,2594.235,2792.223,2729.171,2635.921,2957.423,2784.02,2923.489,3018.894,3133.395,3232.744,3321.712,3390.9
Gabon,4.559,4.111,3.853,3.689,3.547,3.736,4.889,3.699,4.079,4.458,6.339,5.754,5.955,5.757,4.463,5.281,6.064,5.673,4.774,4.966,5.397,5.023,5.332,6.51,7.767,9.468,10.164,12.457,15.57,12.188,14.384,18.207,17.181,17.596,18.209,14.385,14.02,14.924,16.875,16.875,15.339,20.242,21.931,20.33,20.864,21.568,22.646,23.158,23.92
"Gambia, The",0.606,0.579,0.548,0.551,0.396,0.482,0.376,0.504,0.585,0.614,0.721,0.76,0.82,0.878,0.87,0.909,0.949,0.983,1.009,1.036,1.01,1.002,0.887,0.843,0.962,1.028,1.054,1.28,1.562,1.45,1.543,1.41,1.415,1.376,1.229,1.355,1.47,1.498,1.662,1.806,1.809,2.034,2.133,2.277,2.501,2.699,2.864,3.048,3.247
Georgia,"no data","no data","no data","no data","no data","no data","no data","no data","no data","no data","no data","no data","no data","no data",0.85,1.961,3.148,3.608,3.73,2.898,3.144,3.311,3.493,4.103,5.269,6.59,7.979,10.458,13.158,11.069,12.242,15.107,16.489,17.188,17.627,14.953,15.141,16.242,17.599,17.477,15.846,18.625,24.606,27.947,29.948,32.533,35.239,38.124,40.936
Germany,853.705,718.264,693.547,691.912,651.9,661.037,944.124,1174.861,1266.623,1257.393,1598.64,1875.618,2136.312,2072.457,2209.934,2588.002,2498.113,2214.694,2242.065,2197.125,1948.843,1945.804,2077.016,2501.014,2813.076,2848.438,2994.862,3425.982,3744.854,3407.557,3402.444,3748.655,3529.377,3733.859,3890.095,3357.926,3468.896,3689.547,3976.246,3888.655,3886.555,4262.767,4075.395,4308.854,4446.466,4635.16,4822.11,4947.322,5044.443
Ghana,37.35,60.694,70.406,47.317,17.113,15.255,14.072,11.777,12.523,12.733,14.749,16.506,16.312,13.348,12.32,14.61,15.482,15.794,17.166,17.766,11.47,12.234,14.205,17.528,20.302,24.6,28.883,34.044,38.659,34.601,43.327,53.849,56.854,63.702,54.285,49.437,56.144,60.385,67.259,68.353,70.008,79.157,72.839,66.622,67.903,71.791,76.227,81.207,86.624
Greece,56.529,52.161,54.415,49.184,47.922,47.532,55.945,65.129,75.803,78.582,97.137,104.742,115.484,108.103,115.694,135.786,144.642,142.117,143.424,148.151,131.082,135.16,153.152,200.613,238.823,245.92,271.254,316.25,352.866,328.156,297.368,282.946,242.183,238.911,235.519,195.703,193.097,199.773,212.146,205.279,188.774,215.017,219.237,239.3,248.274,256.696,264.337,271.311,276.698
Grenada,0.111,0.116,0.125,0.132,0.146,0.168,0.188,0.215,0.236,0.267,0.278,0.301,0.31,0.31,0.325,0.342,0.367,0.392,0.446,0.482,0.52,0.52,0.54,0.591,0.599,0.695,0.699,0.759,0.826,0.771,0.771,0.779,0.8,0.843,0.911,0.997,1.062,1.126,1.167,1.213,1.043,1.105,1.193,1.274,1.366,1.444,1.523,1.601,1.682
Guatemala,7.718,8.431,8.539,8.864,9.276,10.951,5.921,6.857,7.426,8.561,7.493,9.161,10.15,11.032,12.501,14.04,14.993,16.981,18.441,17.391,18.124,19.735,21.924,23.092,24.977,28.179,31.308,35.028,40.242,37.997,41.493,47.419,49.902,52.989,57.835,62.18,66.034,71.624,73.331,77.154,77.625,86.988,93.655,102.309,111.017,119.475,128.231,137.725,147.985
Guinea,2.4,2.381,2.335,2.284,2.327,2.473,2.675,2.84,3.317,3.384,3.71,4.195,4.57,4.562,4.707,5.139,5.316,5.212,5.003,4.798,4.039,3.806,4.022,4.759,5.012,4.506,4.178,6.317,6.966,6.753,6.858,6.775,7.387,8.376,8.777,8.79,8.604,10.325,11.857,13.443,14.178,16.155,20.469,23.3,25.425,27.464,29.504,31.674,33.903
Guinea-Bissau,0.289,0.37,0.421,0.475,0.33,0.485,0.474,0.401,0.374,0.449,0.548,0.772,0.846,0.653,0.361,0.778,0.741,0.704,0.592,0.58,0.392,0.413,0.466,0.553,0.582,0.64,0.635,0.753,0.953,0.889,0.941,1.157,1.05,1.11,1.136,1.153,1.245,1.469,1.555,1.487,1.523,1.725,1.705,1.887,2.023,2.127,2.228,2.32,2.389
Guyana,0.842,0.808,0.692,0.703,0.654,0.697,0.789,0.728,0.828,0.832,0.685,0.744,0.823,1.003,1.176,1.332,1.495,1.587,1.5,1.488,1.497,1.504,1.555,1.592,1.657,1.712,1.899,2.225,2.491,2.596,2.889,3.328,4.063,4.168,4.128,4.28,4.483,4.748,4.788,5.174,5.471,7.658,14.521,16.309,22.014,22.63,29.58,30.462,31.425
Haiti,2.664,2.932,3.05,3.273,3.627,4.028,4.475,2.205,1.45,1.34,1.706,1.53,0.918,1.107,3.054,4.846,5,5.748,6.408,7.148,6.81,6.285,6.064,4.866,6.037,7.186,7.507,9.522,10.488,11.598,11.852,13.009,13.709,14.904,15.137,14.831,13.996,15.036,16.454,14.787,14.508,21.017,20.535,26.58,27.616,28.57,29.655,30.68,31.629
Honduras,3.968,4.044,4.267,4.477,4.915,5.278,5.678,6.191,6.877,7.877,4.923,4.649,4.944,4.961,4.642,5.415,5.217,5.736,6.366,6.417,7.187,7.651,7.858,8.23,8.869,9.757,10.917,12.361,13.882,14.587,15.839,17.71,18.529,18.5,19.757,20.98,21.718,23.136,24.068,25.091,23.662,28.291,31.521,34.338,36.353,38.289,40.578,43.004,45.575
"Hong Kong SAR",28.862,31.055,32.291,29.907,33.511,35.7,41.076,50.623,59.708,68.79,76.929,88.96,104.272,120.354,135.812,144.652,159.718,177.349,168.858,165.734,171.643,169.381,166.336,161.37,169.085,181.556,193.515,211.583,219.279,214.048,228.639,248.514,262.629,275.697,291.46,309.386,320.86,341.271,361.731,363.075,344.941,368.924,360.983,382.854,403.547,424.475,445.896,468.014,490.965
Hungary,23.042,23.629,24.064,21.839,21.174,21.441,24.698,27.144,29.703,30.323,34.366,34.754,38.731,40.125,43.167,46.426,46.659,47.297,48.707,49.073,47.218,53.75,67.609,85.285,104.121,113.211,115.716,140.187,158.326,131.069,132.175,141.942,128.814,135.684,141.034,125.174,128.61,143.112,160.565,163.979,157.182,181.848,168.294,188.505,203.32,212.229,219.954,226.088,230.875
Iceland,3.434,3.543,3.251,2.793,2.892,3.009,4.014,5.561,6.145,5.7,6.504,6.949,7.105,6.225,6.393,7.124,7.426,7.57,8.504,8.982,9.026,8.235,9.318,11.429,13.825,16.853,17.465,21.653,18.075,13.154,13.751,15.222,14.752,16.125,17.868,17.517,20.793,24.728,26.261,24.664,21.553,25.553,27.842,28.625,30.964,33.216,35.602,38.309,41.191
India,189.438,196.535,203.537,222.049,215.556,237.618,252.751,283.75,299.645,301.234,326.608,274.842,293.262,284.194,333.014,366.6,399.791,423.189,428.767,466.867,476.61,493.953,523.97,618.358,721.589,834.217,949.117,1238.7,1224.096,1365.373,1708.46,1823.052,1827.637,1856.721,2039.127,2103.588,2294.797,2651.474,2702.93,2835.606,2671.596,3150.307,3386.403,3736.882,4062.154,4403.354,4765.545,5153.012,5575.474
Indonesia,99.296,110.848,113.799,103.149,107.218,107.062,101.22,95.214,107.279,122.582,138.258,154.558,168.28,190.913,213.727,244.227,274.722,260.68,115.323,169.158,179.482,174.507,212.807,255.428,279.556,310.815,396.293,470.144,558.582,577.539,755.256,892.59,919.002,916.646,891.051,860.741,932.066,1015.488,1042.711,1119.452,1062.532,1187.732,1318.807,1391.778,1508.547,1631.609,1760.505,1898.989,2048.504
Iran,95.846,101.481,125.8,156.927,161.721,180.541,208.928,277.019,311.932,379.427,581.008,304.065,50.472,64.449,79.818,114.941,158.032,184.138,205,275.092,366.917,330.978,132.682,158.416,188.961,228.428,272.361,360.928,425.699,440.408,517.899,625.43,421.882,428.321,460.809,408.288,458.042,486.829,246.318,241.658,195.528,289.294,352.213,367.968,388.838,405.547,423.33,442.499,465.846
Iraq,"no data","no data","no data","no data","no data","no data","no data","no data","no data","no data","no data","no data","no data","no data","no data","no data","no data","no data",10.469,18.449,25.857,18.936,18.97,15.8,36.642,50.065,65.144,88.833,131.614,111.66,138.517,185.75,218.032,234.638,234.651,177.634,167.807,192.343,227.186,234.019,169.354,206.517,270.364,267.893,277.826,289.104,301.808,314.934,329.103
Ireland,21.425,20.423,21.313,20.618,19.883,21.168,28.516,33.66,36.875,38.03,48.199,48.84,54.911,51.364,55.843,69.26,75.928,82.957,90.305,98.993,100.253,109.347,128.505,164.63,194.283,211.993,232.193,270.112,275.417,236.185,222.096,238.959,225.771,238.344,259.237,291.805,299.009,336.259,385.911,399.366,425.511,504.517,529.661,594.095,633.701,667.656,698.21,729.268,757.47
Israel,24.915,26.399,28.292,31.553,29.871,27.763,34.179,40.823,50.57,51.453,60.715,68.873,76.961,77.351,88.297,104.893,114.507,118.861,120.057,120.922,136.034,134.637,125.06,131.299,139.974,147.084,158.67,184.053,220.53,211.968,238.364,266.792,262.283,297.733,314.33,303.414,322.103,358.246,376.692,402.47,413.268,488.527,522.53,539.223,563.267,590.035,618.04,648.112,679.463
Italy,479.122,434.498,429.408,445.612,440.268,454.653,643.932,808.203,895.423,931.283,1162.272,1227.727,1302.796,1047.616,1080.544,1175.278,1312.783,1243.228,1271.701,1253.69,1147.183,1168.032,1275.867,1577.228,1805.723,1859.244,1949.657,2213.364,2408.392,2197.54,2137.845,2294.591,2088.28,2141.954,2162.567,1836.824,1876.554,1961.104,2092.881,2011.524,1895.692,2115.762,2012.013,2169.745,2217.748,2285.284,2347.432,2406.849,2450.426
Jamaica,2.565,2.817,3.235,2.875,2.119,1.993,2.369,2.672,3.184,3.692,4.663,4.285,4.328,5.44,5.453,6.549,7.394,8.4,8.787,8.887,9.065,9.195,9.719,9.43,10.175,11.233,11.946,12.881,13.743,12.107,13.193,14.413,14.765,14.213,13.865,14.154,14.108,14.755,15.648,15.808,13.885,14.674,16.039,17.254,18.108,18.89,19.587,20.304,21.052
Japan,1127.876,1243.79,1157.601,1268.62,1345.204,1427.354,2121.25,2584.339,3134.179,3117.068,3196.556,3657.348,3988.334,4544.766,4998.798,5545.566,4923.393,4492.449,4098.363,4635.982,4968.36,4374.71,4182.845,4519.564,4893.135,4831.467,4601.663,4579.75,5106.679,5289.494,5759.072,6233.148,6272.362,5212.328,4896.995,4444.931,5003.678,4930.837,5040.881,5117.995,5048.79,5005.537,4233.538,4409.738,4526.48,4731.496,4923.43,5077.123,5344.032
Jordan,3.932,4.416,4.713,4.953,5.003,5.033,6.445,6.794,6.364,4.279,4.187,4.373,5.403,5.615,6.321,6.759,7.054,7.389,8.163,8.414,8.725,9.268,9.972,10.575,11.771,13.134,15.795,17.957,22.648,24.538,27.134,29.524,31.679,34.503,36.9,38.642,39.949,41.667,43.432,45.058,44.245,45.809,48.836,52.061,55.013,58.072,61.302,64.712,68.319
Kazakhstan,"no data","no data","no data","no data","no data","no data","no data","no data","no data","no data","no data","no data",2.875,5.152,11.881,16.639,21.035,22.166,22.135,16.87,18.292,22.153,24.637,30.834,43.152,57.125,81.003,104.85,133.442,115.309,148.047,192.626,207.999,236.635,221.416,184.388,137.289,166.806,179.34,181.667,171.082,197.112,225.784,245.695,259.683,275.633,286.957,298.179,316.213
Kenya,13.449,12.667,12.196,11.279,11.703,11.646,13.832,15.163,15.722,15.586,16.219,15.315,15.084,10.479,12.547,15.905,18.064,18.3,20.63,18.594,18.206,18.697,19.03,21.391,22.79,26.308,29.668,36.708,41.059,42.347,45.406,46.869,56.397,61.671,68.286,70.12,74.815,82.037,92.203,100.378,100.667,110.347,115.989,118.13,121.479,128.959,135.973,143.872,151.984
Kiribati,0.042,0.044,0.041,0.038,0.042,0.032,0.031,0.036,0.045,0.044,0.043,0.047,0.048,0.047,0.055,0.056,0.067,0.067,0.066,0.069,0.068,0.063,0.072,0.091,0.103,0.112,0.11,0.133,0.144,0.134,0.156,0.181,0.19,0.185,0.178,0.171,0.179,0.188,0.196,0.175,0.178,0.228,0.224,0.248,0.263,0.275,0.286,0.297,0.309
"Korea, Republic of",65.368,72.934,78.349,87.761,97.511,101.296,116.836,147.949,199.593,246.929,283.365,330.658,355.516,392.731,463.432,566.595,610.164,570.594,382.855,497.254,576.483,547.743,626.989,702.696,792.532,934.708,1052.61,1172.465,1049.168,943.739,1143.568,1253.419,1278.046,1370.633,1484.489,1466.039,1499.362,1623.074,1725.373,1651.423,1644.676,1810.966,1665.246,1721.909,1792.727,1870.628,1949.776,2033.334,2123.03
Kosovo,"no data","no data","no data","no data","no data","no data","no data","no data","no data","no data","no data","no data","no data","no data","no data","no data","no data","no data","no data","no data",2.217,2.509,2.73,3.39,3.71,3.828,4.019,4.868,5.202,5.03,5.348,6.34,6.167,6.735,7.076,6.296,6.681,7.178,7.882,7.9,7.728,9.418,9.363,9.99,10.701,11.161,11.537,11.828,12.134
Kuwait,28.724,25.249,21.583,20.317,21.457,21.54,17.376,20.817,19.281,23.855,18.293,10.826,19.866,23.996,24.796,27.189,31.492,30.35,25.944,30.123,37.721,34.886,38.135,47.844,59.439,80.807,101.559,114.677,147.402,105.992,115.401,154.02,174.066,174.179,162.695,114.606,109.381,120.687,138.202,136.192,105.949,136.799,184.558,164.713,165.209,166.604,169.566,172.647,176.373
"Kyrgyz Republic","no data","no data","no data","no data","no data","no data","no data","no data","no data","no data","no data","no data",0.917,0.665,1.108,1.493,1.822,1.767,1.63,1.242,1.368,1.525,1.606,1.92,2.214,2.459,2.837,3.807,5.139,4.69,4.794,6.198,6.604,7.335,7.467,6.678,6.813,7.703,8.271,8.872,7.792,8.747,11.052,12.039,12.842,13.711,14.61,15.461,16.231
"Lao P.D.R.",1.913,1.118,1.119,2.047,2.93,3.685,2.577,1.815,1.182,1.46,1.742,2.053,2.354,2.652,3.081,3.579,3.726,3.515,1.334,1.415,1.72,1.757,1.844,2.26,2.651,3.079,3.934,4.757,5.946,6.431,7.506,8.964,10.194,11.972,13.266,14.418,15.905,17.055,18.131,18.77,18.511,18.533,15.304,14.091,13.94,14.701,15.632,16.624,17.701
Latvia,"no data","no data","no data","no data","no data","no data","no data","no data","no data","no data","no data","no data",1.694,2.728,4.533,5.411,5.975,6.529,7.169,7.535,7.963,8.363,9.564,11.777,14.44,17.03,21.589,31.1,36.023,26.48,23.998,27.74,28.191,30.21,31.395,27.266,28.076,30.473,34.445,34.348,34.574,39.752,42.225,47.398,50.204,53.1,56.049,59.042,61.83
Lebanon,4.02,3.843,2.621,3.611,4.269,3.566,2.78,3.254,3.269,2.682,2.801,4.392,5.472,7.435,8.988,10.971,12.824,15.535,17.059,17.174,17.018,17.361,18.837,19.486,21.16,21.497,22.023,24.827,29.119,35.4,38.444,39.927,44.017,46.88,48.096,49.929,51.148,53.028,54.901,50.88,24.494,"no data","no data","no data","no data","no data","no data","no data","no data"
Lesotho,0.437,0.443,0.369,0.406,0.363,0.29,0.333,0.435,0.494,0.514,0.62,0.703,0.815,0.814,0.859,0.965,0.914,0.963,0.888,0.871,0.847,0.701,0.767,1.109,1.384,1.484,1.519,1.759,1.652,1.937,2.356,2.571,2.465,2.345,2.477,2.202,2.206,2.424,2.484,2.375,2.133,2.55,2.48,2.584,2.708,2.841,2.958,3.068,3.276
Liberia,"no data","no data","no data","no data","no data","no data","no data","no data","no data","no data","no data","no data","no data","no data","no data","no data","no data","no data","no data","no data",0.863,0.904,0.943,0.714,0.897,0.944,1.109,1.344,1.676,1.765,1.966,2.34,2.675,3.044,3.09,3.092,3.256,3.321,3.264,3.08,3.037,3.509,3.974,4.375,4.72,5.125,5.561,6.009,6.468
Libya,40.19,34.72,34.616,32.988,30.89,30.384,24.756,23.009,25.87,27.446,31.627,34.995,35.459,31.912,29.719,33.739,36.827,37.702,30.921,37.129,39.498,35.206,21.128,27.026,34.054,48.852,60.094,68.211,86.804,60.809,75.381,48.17,92.542,75.352,57.373,48.718,49.913,67.155,76.681,69.241,46.895,39.007,44.066,46.297,48.315,50.248,51.568,52.916,54.385
Lithuania,"no data","no data","no data","no data","no data","no data","no data","no data","no data","no data","no data","no data","no data","no data","no data",6.696,8.383,10.119,11.24,10.972,11.525,12.238,14.257,18.782,22.624,26.115,30.203,39.764,48.03,37.475,37.195,43.584,42.952,46.537,48.611,41.44,43.035,47.742,53.776,54.758,56.801,66.489,70.523,78.346,85.052,91.019,96.135,100.367,103.382
Luxembourg,6.434,5.549,4.557,4.473,4.385,4.544,6.611,8.211,9.301,9.903,12.628,13.683,15.328,15.714,17.487,20.571,20.464,18.428,19.263,21.089,21.24,21.388,23.633,29.66,35.049,37.693,42.912,51.594,58.838,54.408,56.26,61.686,59.814,65.204,68.823,60.078,62.2,65.689,71.033,69.833,73.933,85.563,82.34,86.971,90.464,95.037,98.939,102.718,106.014
"Macao SAR","no data","no data","no data","no data","no data","no data","no data","no data","no data","no data","no data","no data","no data","no data","no data","no data","no data","no data","no data","no data","no data",6.86,7.372,8.247,10.643,12.16,14.874,18.44,21.027,21.588,28.242,36.844,43.19,51.536,54.903,45.048,45.071,50.441,55.285,55.205,25.46,30.124,21.979,35.841,44.716,49.86,53.118,56.301,59.827
Madagascar,5.202,4.759,4.785,4.686,3.906,3.803,4.348,3.213,3.189,3.176,3.931,3.255,3.715,4.063,3.522,3.838,4.932,4.263,4.402,4.278,4.629,5.438,5.352,6.372,5.065,5.859,6.396,8.525,10.725,9.617,9.983,11.552,11.579,12.424,12.523,11.323,11.849,13.176,13.76,14.105,13.051,14.555,15.233,15.969,17.137,18.561,20.04,21.699,23.792
Malawi,3.022,3.022,2.881,2.986,2.949,2.762,2.883,2.834,3.258,3.715,4.222,5.38,4.394,5.056,2.93,3.412,5.569,6.504,4.275,4.336,4.257,4.178,4.922,4.521,4.895,5.148,5.63,6.24,7.492,8.723,9.796,11.241,8.421,7.648,8.526,9.014,7.733,8.943,9.882,11.031,11.847,12.463,12.512,11.277,10.891,11.17,11.629,12.285,12.99
Malaysia,26.757,27.321,29.278,32.745,37.087,34.09,30.303,34.529,37.845,41.678,47.236,53.51,64.452,72.866,81.138,96.628,109.854,108.78,78.634,86.203,102.149,101.054,109.833,120.025,135.869,150.356,170.514,202.869,242.08,212.026,258.844,302.643,319.153,328.074,343.088,301.36,301.918,319.249,358.994,365.283,337.612,373.034,407.923,447.026,481.798,520.313,559.141,595.072,634.978
Maldives,0.063,0.073,0.087,0.094,0.113,0.134,0.158,0.149,0.178,0.201,0.231,0.262,0.306,0.346,0.382,0.466,0.527,0.652,0.693,0.756,0.801,0.767,0.828,1.052,1.227,1.163,1.575,1.868,2.272,2.345,2.588,2.629,2.885,3.286,3.69,4.098,4.367,4.747,5.294,5.598,3.736,5.386,6.207,7.004,7.613,8.288,8.95,9.628,10.322
Mali,2.031,1.66,1.468,1.418,1.416,1.426,1.981,2.308,2.316,2.827,3.223,3.284,3.372,3.362,2.575,3.337,3.416,3.208,3.328,3.444,2.963,3.468,3.905,4.713,5.452,6.251,6.906,8.157,9.871,10.249,10.698,12.993,12.45,13.243,14.369,13.106,14.022,15.36,17.079,17.281,17.643,19.656,19.048,20.776,22.268,23.601,24.955,26.33,27.633
Malta,1.202,1.174,1.109,1.083,1.025,1.038,1.348,1.682,1.909,1.999,2.401,2.611,2.906,2.59,2.868,3.38,3.446,3.489,3.697,3.858,4.075,4.089,4.478,5.455,6.102,6.415,6.811,7.989,9.127,8.721,9.043,9.637,9.468,10.551,11.629,11.093,11.665,13.48,15.305,15.883,15.034,17.755,17.779,19.405,20.512,21.575,22.666,23.77,24.799
"Marshall Islands","no data","no data","no data","no data","no data","no data","no data","no data","no data","no data","no data","no data","no data","no data","no data","no data","no data",0.111,0.114,0.115,0.115,0.122,0.132,0.131,0.133,0.137,0.142,0.148,0.152,0.15,0.16,0.172,0.181,0.185,0.182,0.184,0.201,0.212,0.222,0.236,0.244,0.257,0.276,0.291,0.303,0.314,0.325,0.337,0.349
Mauritania,"no data","no data","no data","no data","no data","no data","no data","no data","no data","no data",1.793,2.055,2.164,1.847,1.945,2.092,2.132,2.072,2.027,1.986,1.78,1.746,1.777,2.051,2.362,2.936,4.009,4.328,5.138,4.725,5.637,6.782,6.721,7.331,6.615,6.182,6.414,6.826,7.472,8.065,8.612,9.892,10.321,10.966,11.392,11.934,12.359,12.875,13.405
Mauritius,1.242,1.179,1.131,1.198,1.108,1.122,1.515,1.919,2.225,2.286,2.743,3.017,3.398,3.502,3.887,4.439,4.59,4.31,4.354,4.597,4.935,4.882,5.123,6.155,6.962,6.867,7.123,8.26,10.125,9.252,10.138,11.673,11.826,12.293,13.074,12.007,12.594,13.714,14.736,14.436,11.401,11.478,12.772,14.57,15.477,16.207,16.935,17.59,18.284
Mexico,228.606,293.61,213.077,173.714,204.86,217.388,150.513,165.058,201.926,246.079,290.402,348.139,403.733,500.795,527.811,360.096,410.973,500.416,526.522,600.225,707.909,756.693,772.11,729.335,782.243,877.477,975.383,1052.697,1109.987,900.047,1057.801,1180.487,1201.094,1274.444,1315.356,1171.87,1078.493,1158.912,1222.406,1269.01,1090.515,1272.839,1414.101,1663.164,1732.946,1796.644,1860.419,1928.854,2003.179
"Micronesia, Fed. States of","no data","no data","no data","no data","no data","no data","no data","no data","no data","no data","no data","no data","no data","no data","no data",0.221,0.218,0.207,0.219,0.22,0.233,0.241,0.242,0.245,0.24,0.25,0.253,0.257,0.263,0.28,0.297,0.311,0.327,0.317,0.319,0.316,0.332,0.367,0.402,0.416,0.412,0.406,0.423,0.456,0.479,0.495,0.509,0.522,0.536
Moldova,"no data","no data","no data","no data","no data","no data","no data","no data","no data","no data","no data","no data",0.864,1.11,1.158,1.441,1.694,1.928,1.697,1.172,1.315,1.481,1.662,1.981,2.598,2.988,3.408,4.401,6.055,5.438,6.977,8.417,8.708,9.496,9.51,7.726,8.072,9.515,11.252,11.737,11.53,13.682,14.41,15.829,16.98,17.745,18.869,19.757,21.718
Mongolia,2.728,2.854,2.963,3.071,2.837,3.294,3.636,4.086,4.104,4.275,2.678,2.821,1.566,0.771,0.926,1.452,1.348,1.181,1.125,1.057,1.137,1.268,1.397,1.595,1.992,2.523,3.414,4.235,5.623,4.584,7.185,10.41,12.278,12.582,12.227,11.62,11.154,11.481,13.207,14.206,13.313,15.286,16.833,16.908,17.726,19.025,20.366,21.768,23.561
Montenegro,"no data","no data","no data","no data","no data","no data","no data","no data","no data","no data","no data","no data","no data","no data","no data","no data","no data","no data","no data","no data",0.966,1.15,1.269,1.681,2.073,2.261,2.724,3.686,4.564,4.171,4.146,4.544,4.09,4.466,4.595,4.055,4.376,4.855,5.509,5.543,4.777,5.865,6.104,7.027,7.571,8.015,8.435,8.833,9.195
Morocco,23.807,19.329,19.51,17.635,16.13,16.28,21.497,23.713,28.08,28.901,32.661,34.94,36.483,34.259,38.532,42.238,46.71,42.366,45.243,45.055,42.053,42.704,45.711,56.345,64.528,67.468,74.284,85.539,100.112,100.535,100.881,109.705,106.345,115.608,119.131,110.414,111.573,118.541,127.341,128.92,121.348,142.867,138.052,138.781,147.078,155.346,163.613,172.551,181.978
Mozambique,4.615,3.585,3.662,3.28,3.417,4.516,5.301,2.395,2.105,2.199,3.529,3.633,2.64,2.73,2.797,2.9,3.857,4.649,5.264,5.976,5.656,5.399,5.677,6.303,7.631,8.542,9.177,10.451,12.556,11.914,11.105,14.382,16.351,16.974,17.716,15.951,11.937,13.219,14.845,15.39,14.157,15.777,17.94,19.909,22.228,23.736,25.391,29.84,34.849
Myanmar,"no data","no data","no data","no data","no data","no data","no data","no data","no data","no data","no data","no data","no data","no data","no data","no data","no data","no data",5.154,6.439,7.736,7.131,6.921,8.881,10.754,12.126,13.585,17.855,25.47,30.864,38.084,53.916,59,60.903,63.153,62.655,60.09,61.267,66.699,68.802,81.257,65.16,56.757,63.988,67.348,70.772,74.348,78.262,82.78
Namibia,"no data","no data","no data","no data","no data","no data","no data","no data","no data",2.268,2.568,2.841,3.296,3.156,3.537,3.948,3.954,4.11,3.832,3.824,3.941,3.577,3.396,4.974,6.673,7.324,7.711,8.73,8.496,8.915,11.281,12.423,13.016,12.168,12.434,11.45,10.719,12.883,13.676,12.539,10.581,12.307,12.345,13.486,14.286,14.808,15.206,15.552,15.792
Nauru,"no data","no data","no data","no data","no data","no data","no data","no data","no data","no data","no data","no data","no data","no data","no data","no data","no data","no data","no data","no data","no data","no data","no data","no data",0.031,0.03,0.029,0.023,0.037,0.044,0.048,0.066,0.101,0.094,0.099,0.085,0.097,0.109,0.131,0.125,0.125,0.146,0.151,0.151,0.158,0.163,0.17,0.176,0.182
Nepal,2.258,2.641,2.669,2.92,3.088,3.208,3.49,3.621,4.269,4.316,4.441,4.86,4.416,4.743,4.954,5.378,5.544,6.026,5.992,6.163,6.536,6.719,6.816,7.217,8.296,9.329,10.314,11.775,14.308,14.661,18.25,21.682,21.703,22.161,22.722,24.361,24.524,28.972,33.112,34.186,33.434,36.289,40.149,42.097,46.207,50.211,54.523,59.198,64.328
Netherlands,193.758,162.4,157.338,153.179,142.578,144.655,201.599,246.928,264.223,260.532,321.405,331.097,366.004,355.931,382.55,452.71,450.625,417.329,438.61,447.493,417.664,431.59,473.527,579.925,658.081,685.727,733.994,848.659,951.766,870.572,848.073,905.111,839.455,877.186,892.398,765.65,783.844,833.575,914.458,910.295,909.065,1013.52,993.681,1080.88,1135.12,1175.499,1214.303,1251.471,1284.13
"New Zealand",22.523,23.442,23.207,22.456,22.349,22.51,27.393,36.931,45.447,44.097,45.773,43.438,41.53,44.797,52.901,62.263,69.095,68.863,56.813,58.892,54.126,53.128,62.061,82.411,101.601,113.264,109.739,134.879,135.373,121.701,145.362,166.939,175.037,187.139,200.159,176.213,185.898,203.558,209.623,210.828,210.092,249.312,241.938,251.969,251.404,260.366,272.822,286.597,301.358
Nicaragua,1.832,2.156,2.497,2.9,3.966,3.854,5.8,3.409,1.499,2.082,0.519,3.678,3.894,3.726,3.861,4.14,4.308,4.39,4.635,4.856,5.109,5.335,5.224,5.322,5.793,6.321,6.764,7.423,8.497,8.297,8.759,9.774,10.532,10.983,11.88,12.757,13.286,13.786,13.025,12.611,12.586,14.001,15.77,17.287,18.381,19.391,20.463,21.594,22.788
Niger,3.531,3.056,2.84,2.538,2.056,2.027,2.68,3.143,3.21,3.068,3.491,3.271,3.372,3.041,1.935,2.296,2.397,2.285,2.639,2.532,2.235,2.442,2.772,3.382,3.746,4.372,4.743,5.716,7.279,7.324,7.838,8.754,9.412,10.206,10.83,9.684,10.35,11.181,12.814,12.917,13.764,14.923,15.222,16.617,19,20.61,22.229,23.914,25.582
Nigeria,"no data","no data","no data","no data","no data","no data","no data","no data","no data","no data",62.165,60.131,52.275,56.807,80.128,132.23,172.686,187.866,209.677,57.477,67.824,73.128,93.983,102.935,130.345,169.645,222.791,262.215,330.26,297.458,369.062,414.095,460.952,514.966,568.499,492.437,404.649,375.745,421.737,448.12,429.423,441.424,477.376,506.601,553.667,625.355,708.372,805.316,915.634
"North Macedonia ","no data","no data","no data","no data","no data","no data","no data","no data","no data","no data","no data","no data",2.443,2.687,3.561,4.687,4.642,3.928,3.764,3.867,3.774,3.709,3.991,4.946,5.684,6.257,6.86,8.337,9.912,9.4,9.415,10.499,9.751,10.824,11.378,10.067,10.686,11.336,12.694,12.609,12.385,13.835,13.671,15.278,16.593,17.644,18.68,19.745,20.732
Norway,64.439,63.597,62.647,61.627,62.058,65.417,78.693,94.231,101.901,102.634,119.791,121.872,130.838,120.579,127.132,152.031,163.52,161.357,154.23,162.384,171.456,174.24,195.915,229.385,265.267,309.979,346.914,402.646,464.915,387.974,431.052,501.361,512.777,526.014,501.737,388.16,370.957,401.745,439.789,408.743,367.633,490.293,579.267,554.105,564.396,571.696,573.265,582.116,591.431
Oman,7.269,8.849,9.285,9.733,10.726,11.916,9.433,9.89,9.613,10.743,13.395,13,14.274,14.321,14.808,15.821,17.512,18.154,16.044,17.833,22.259,22.206,23.066,24.734,28.379,35.507,42.578,48.3,69.805,55.454,64.994,77.497,87.409,89.936,92.699,78.711,75.129,80.857,91.505,88.061,73.971,88.192,114.667,104.902,109.689,112.324,115.584,119.526,123.936
Pakistan,34.821,41.192,45.026,42.038,45.639,45.634,46.734,48.848,56.254,58.65,58.862,66.87,71.541,75.718,76.325,89.197,93.145,91.84,91.418,86.573,89.651,87.389,87.933,101.103,118.844,132.833,154.493,171.512,191.425,188.991,199.405,240.385,252.534,260.257,275.063,304.481,313.623,339.229,356.163,321.071,300.41,348.227,376.493,"no data","no data","no data","no data","no data","no data"
Palau,"no data","no data","no data","no data","no data","no data","no data","no data","no data","no data","no data","no data","no data","no data","no data","no data","no data","no data","no data","no data",0.149,0.159,0.163,0.155,0.166,0.186,0.191,0.196,0.199,0.184,0.184,0.195,0.215,0.226,0.246,0.284,0.303,0.29,0.288,0.281,0.258,0.225,0.225,0.262,0.298,0.32,0.335,0.348,0.362
Panama,4.104,4.645,5.132,5.269,5.5,5.818,6.046,6.073,5.25,5.264,5.723,6.292,7.153,7.812,8.33,8.515,10.04,10.849,11.762,12.326,12.502,12.704,13.204,13.915,15.255,16.638,18.438,21.296,25.156,27.117,29.44,34.686,40.43,45.6,49.921,54.092,57.908,62.203,64.929,66.984,53.977,63.605,71.966,77.257,82.145,87.14,92.438,98.058,104.02
"Papua New Guinea",4.087,4.011,3.805,3.799,3.509,3.25,3.535,3.885,5.4,5.238,4.757,5.596,6.466,7.349,8.077,7.149,7.608,7.272,5.558,5.072,5.169,4.531,4.387,5.488,6.279,7.339,8.355,9.545,11.671,11.619,14.251,17.985,21.295,21.261,23.211,21.723,20.759,22.743,24.11,24.751,23.848,26.706,31.819,32.86,33.543,33.858,35.973,38.266,40.664
Paraguay,4.095,5.22,5.47,6.069,4.931,4.214,5.032,4.216,5.584,4.046,4.904,6.984,7.158,7.249,7.871,9.062,9.788,9.965,9.26,8.837,8.856,8.496,7.196,7.691,9.624,10.738,13.43,17.856,24.615,22.355,27.129,33.737,33.296,38.651,40.378,36.211,36.09,38.997,40.225,37.925,35.432,39.951,41.284,42.82,45.283,48.49,51.291,54.327,57.611
Peru,20.19,24.398,24.259,18.863,19.442,16.823,25.241,41.681,32.978,40.699,28.326,33.988,35.377,34.33,43.225,51.38,53.412,56.281,53.918,48.719,50.414,51.034,53.954,58.537,66.126,74.232,87.459,102.187,121.25,121.763,148.945,170.923,193.1,202.584,202.88,192.025,195.463,215.681,226.795,232.345,205.82,225.937,242.396,268.235,279.456,292.885,306.954,321.476,336.74
Philippines,37.082,40.735,42.441,37.953,35.86,34.973,34.129,37.932,43.293,48.652,50.508,51.784,60.422,62.037,73.159,84.644,94.65,94.106,74.492,85.64,83.667,78.921,84.307,87.039,95.002,107.42,127.653,155.98,181.007,176.132,208.369,234.217,261.92,283.903,297.484,306.446,318.627,328.481,346.842,376.823,361.751,394.086,404.261,440.901,475.646,512.006,551.12,593.712,640.18
Poland,56.731,53.752,65.315,75.555,75.656,70.915,73.822,63.84,68.747,67.027,62.206,80.61,88.888,90.544,103.887,139.363,156.993,157.493,172.389,168.13,171.613,190.805,199.07,217.829,255.292,306.304,344.627,429.021,533.6,439.794,475.697,524.374,495.23,515.762,539.212,476.788,469.65,524.78,588.804,595.968,599.458,679.524,688.301,748.887,800.483,864.358,920.306,971.474,1003.034
Portugal,32.607,32.477,30.678,28.267,25.951,27.231,37.869,47.387,55.435,59.806,79.439,89.904,108.119,95.139,99.692,118.182,122.655,117.211,124.124,127.597,118.658,121.605,134.7,165.185,189.296,197.363,208.767,240.524,263.388,244.402,238.308,245.075,216.361,226.437,229.961,199.414,206.369,221.28,242.423,240.013,228.849,254.152,252.381,267.721,277.811,288.962,299.586,309.927,318.602
"Puerto Rico",14.436,15.956,16.764,17.277,19.163,20.289,21.969,23.878,26.178,28.267,30.604,32.287,34.63,36.923,39.691,42.647,45.341,48.187,54.086,57.841,61.702,69.669,72.546,75.834,80.322,83.915,87.276,89.524,93.639,96.386,98.381,100.352,101.565,102.45,102.446,103.376,104.337,103.446,100.958,105.126,103.02,106.526,116.459,120.838,121.531,123.037,125.124,126.95,128.986
Qatar,6.665,7.374,6.467,5.506,5.708,5.339,4.214,4.441,4.26,4.502,6.266,5.579,6.384,5.804,5.946,6.861,7.761,9.976,8.488,11.266,18.085,17.498,19.334,23.716,30.651,44.636,58.629,75.987,112.621,88.196,119.707,167.775,186.834,198.728,206.225,161.74,151.732,161.099,183.335,176.371,144.411,179.677,225.477,219.57,225.67,237.335,247.667,257.57,267.842
Romania,46.053,55.319,55.375,48.401,39.111,48.286,52.29,58.477,60.538,54.236,38.516,29.07,19.779,26.624,30.376,35.838,35.692,35.644,42.543,35.953,37.447,40.396,46.035,57.79,75.059,98.547,122.114,174.831,215.568,174.564,170.294,192.835,179.243,189.83,199.981,177.877,185.334,210.529,243.498,250.993,251.699,285.609,301.845,348.902,376.671,405.203,429.652,450.933,469.624
"Russian Federation","no data","no data","no data","no data","no data","no data","no data","no data","no data","no data","no data","no data",71.603,196.227,293.768,335.777,412.685,433.704,287.672,209.657,278.264,328.475,370.062,461.518,633.294,817.717,1060.901,1393.416,1779.109,1307.927,1633.111,2046.621,2191.484,2288.428,2048.836,1356.704,1280.648,1575.14,1653.006,1695.724,1488.119,1836.631,2215.294,2062.649,2118.252,2159.054,2206.01,2234.733,2266.255
Rwanda,1.493,1.695,1.808,1.932,1.851,2.199,2.49,2.765,2.959,3.09,2.954,2.179,2.313,2.231,1.418,1.47,1.593,2.144,2.29,2.131,2.049,1.967,1.961,2.137,2.388,2.943,3.317,4.068,5.179,5.671,6.122,6.881,7.651,7.816,8.235,8.542,8.691,9.253,9.643,10.355,10.185,11.067,12.703,13.149,13.634,14.54,15.572,16.723,18.297
"Saint Kitts and Nevis",0.058,0.069,0.079,0.078,0.091,0.101,0.119,0.136,0.161,0.179,0.203,0.201,0.223,0.243,0.272,0.293,0.312,0.351,0.366,0.389,0.421,0.458,0.481,0.469,0.507,0.547,0.644,0.689,0.778,0.774,0.779,0.836,0.826,0.875,0.954,0.958,1.009,1.061,1.077,1.108,0.885,0.861,0.973,1.052,1.102,1.155,1.21,1.268,1.329
"Saint Lucia",0.17,0.194,0.183,0.197,0.251,0.284,0.34,0.375,0.429,0.486,0.579,0.613,0.674,0.684,0.713,0.762,0.788,0.805,0.877,0.921,0.932,0.892,0.899,0.987,1.066,1.135,1.267,1.331,1.427,1.399,1.482,1.568,1.598,1.66,1.749,1.807,1.865,1.997,2.057,2.094,1.516,1.691,2.084,2.262,2.371,2.48,2.584,2.687,2.794
"Saint Vincent and the Grenadines",0.089,0.11,0.123,0.132,0.146,0.157,0.174,0.19,0.217,0.232,0.26,0.275,0.3,0.309,0.313,0.341,0.358,0.376,0.403,0.422,0.428,0.462,0.488,0.509,0.55,0.58,0.644,0.714,0.733,0.714,0.72,0.714,0.73,0.765,0.771,0.787,0.814,0.844,0.884,0.911,0.869,0.872,0.947,1.039,1.116,1.183,1.24,1.299,1.361
Samoa,0.127,0.119,0.122,0.113,0.111,0.106,0.112,0.124,0.138,0.141,0.182,0.176,0.193,0.198,0.158,0.242,0.258,0.28,0.286,0.262,0.271,0.273,0.289,0.342,0.418,0.486,0.516,0.568,0.684,0.618,0.68,0.744,0.773,0.798,0.797,0.824,0.844,0.885,0.878,0.913,0.867,0.844,0.832,0.898,0.938,0.989,1.043,1.095,1.155
"San Marino","no data","no data","no data","no data","no data","no data","no data","no data","no data","no data","no data","no data","no data","no data","no data","no data","no data","no data","no data","no data",1.008,1.06,1.148,1.462,1.714,1.788,1.91,2.189,2.403,2.062,1.883,1.813,1.606,1.678,1.674,1.42,1.468,1.528,1.656,1.616,1.543,1.75,1.686,1.807,1.846,1.895,1.944,1.992,2.031
"Saudi Arabia",164.54,184.292,153.24,129.181,119.631,103.894,86.886,85.582,88.138,95.217,117.474,132.047,136.905,132.791,134.995,143.152,158.451,165.742,146.775,161.717,189.515,184.137,189.606,215.807,258.742,328.206,376.398,415.687,519.797,429.098,528.207,676.635,741.85,753.864,766.606,669.485,665.999,714.994,846.584,838.565,734.271,868.586,1108.149,1061.902,1082.076,1120.109,1161.992,1207.509,1256.783
Senegal,4.338,3.934,3.85,3.435,3.35,3.668,5.188,6.241,6.173,6.083,7.078,6.955,7.435,7.014,4.746,6.026,6.3,5.867,6.416,6.599,6.016,6.508,7.001,8.767,10.072,11.015,11.699,13.996,16.852,16.128,16.134,17.811,17.672,18.919,19.802,17.777,19.035,20.989,23.127,23.405,24.534,27.64,27.462,31.221,35.005,36.463,37.928,39.174,43.388
Serbia,"no data","no data","no data","no data","no data","no data","no data","no data","no data","no data","no data","no data","no data","no data","no data","no data","no data",23.635,18.529,11.973,9.79,13.009,17.185,22.515,26.017,27.496,32.602,43.395,52.094,45.156,41.369,49.28,43.3,48.394,47.062,39.656,40.693,44.179,50.641,51.514,53.356,63.082,70.909,73.961,80.54,88.226,95.733,103.284,110.406
Seychelles,0.147,0.154,0.148,0.147,0.151,0.169,0.208,0.249,0.284,0.305,0.369,0.374,0.434,0.474,0.486,0.508,0.503,0.563,0.608,0.623,0.615,0.622,0.698,0.706,0.839,0.919,1.016,1.034,0.998,0.847,0.97,1.018,1.06,1.328,1.388,1.416,1.49,1.573,1.629,1.683,1.262,1.457,1.926,1.95,2.082,2.22,2.357,2.55,2.623
"Sierra Leone",1.701,1.823,2.05,1.782,2.062,1.755,1.314,1.145,1.877,1.724,0.948,1.138,0.992,1.122,1.331,1.273,1.374,1.24,0.981,0.977,0.941,1.084,1.25,1.38,1.439,1.61,1.884,2.159,2.511,2.454,2.578,2.942,3.802,4.916,5.007,4.252,3.855,3.713,4.085,4.074,4.059,4.148,3.939,3.52,3.607,3.781,4.066,4.472,4.83
Singapore,12.082,14.367,15.879,18.011,19.563,18.573,18.78,21.629,26.551,31.436,38.892,45.465,52.131,60.604,73.689,87.813,96.293,100.124,85.728,86.287,96.077,89.794,92.538,97.646,115.034,127.808,148.627,180.942,193.617,194.15,239.808,279.357,295.093,307.576,314.864,307.999,319.03,343.273,376.87,376.837,348.392,423.797,466.789,515.548,537.255,561.337,586.838,613.422,641.321
"Slovak Republic","no data","no data","no data","no data","no data","no data","no data","no data","no data","no data","no data","no data","no data",13.726,15.837,20.034,21.659,21.927,22.825,20.867,20.73,21.421,24.888,34.085,43.19,49.116,57.492,77.239,97.17,89.302,91.237,99.905,94.684,98.937,101.463,88.91,89.928,95.616,106.186,105.732,106.611,116.605,113.529,127.533,135.62,142.144,148.427,154.532,160.092
Slovenia,"no data","no data","no data","no data","no data","no data","no data","no data","no data","no data","no data","no data",19.271,16.626,16.845,21.384,21.516,20.805,22.168,22.77,20.393,20.901,23.539,29.673,34.448,36.26,39.514,48.073,55.773,50.513,48.248,51.575,46.607,48.416,50.01,43.112,44.754,48.572,54.202,54.338,53.664,61.79,62.167,68.108,72.12,76.464,80.311,84.109,87.545
"Solomon Islands",0.183,0.194,0.193,0.181,0.182,0.166,0.148,0.155,0.176,0.173,0.215,0.228,0.269,0.301,0.403,0.469,0.511,0.527,0.458,0.488,0.42,0.41,0.346,0.353,0.398,0.477,0.539,0.62,0.699,0.736,0.847,1.05,1.185,1.286,1.336,1.308,1.379,1.47,1.615,1.619,1.536,1.545,1.596,1.701,1.801,1.919,2.039,2.169,2.306
Somalia,"no data","no data","no data","no data","no data","no data","no data","no data","no data","no data","no data","no data","no data","no data","no data","no data","no data","no data","no data","no data","no data","no data","no data","no data","no data","no data","no data","no data","no data","no data","no data",3.917,4.042,4.577,5.025,5.335,5.534,5.609,5.856,6.485,6.883,7.628,8.158,8.738,9.429,10.26,11.128,12.052,12.995
"South Africa",89.412,93.15,85.897,96.205,84.838,64.481,73.399,96.533,104.01,108.07,126.027,135.227,146.97,147.236,153.569,171.736,163.34,169.004,152.885,151.426,151.855,135.527,129.385,197.017,256.188,288.749,304.055,332.65,316.491,331.184,417.315,458.708,434.4,400.877,381.195,346.663,323.493,381.317,403.991,388.446,337.521,418.907,405.705,399.015,415.254,430.003,443.573,456.742,468.557
"South Sudan, Republic of","no data","no data","no data","no data","no data","no data","no data","no data","no data","no data","no data","no data","no data","no data","no data","no data","no data","no data","no data","no data","no data","no data","no data","no data","no data","no data","no data","no data","no data","no data","no data",17.34,11.267,14.947,15.179,15.326,2.899,1.804,3.118,4.044,5.352,5.935,7.871,7.012,7.077,7.207,7.53,7.962,8.717
Spain,230.759,204.588,197.643,172.856,172.381,181.62,251.304,318.389,374.068,412.59,535.652,576.446,630.122,529.319,531.137,613.946,640.026,589.376,618.414,635.968,598.628,627.834,708.256,907.264,1068.57,1154.354,1260.466,1474.176,1631.685,1489.853,1423.27,1480.45,1325.59,1355.599,1372.174,1196.278,1233.215,1312.782,1422.347,1394.474,1275.941,1428.33,1400.52,1492.432,1560.052,1617.657,1668.55,1716.114,1753.505
"Sri Lanka",5.194,5.404,5.834,6.298,7.382,7.302,7.826,8.149,8.518,8.55,9.787,10.716,11.553,12.351,14.245,15.127,16.592,18.544,19.05,19.143,20.007,19.236,20.238,22.352,24.423,28.88,33.447,38.27,48.177,49.75,58.643,67.725,70.392,76.934,82.483,85.091,88,94.376,94.484,89.015,85.349,88.979,75.296,"no data","no data","no data","no data","no data","no data"
Sudan,9.095,6.53,4.748,6.485,7.992,5.547,7.4,11.964,9.551,16.853,2.245,2.528,3.1,5.246,5.961,6.694,8.377,10.241,10.924,10.714,13.134,15.716,18.137,21.355,26.646,35.183,45.264,59.44,64.833,54.812,65.716,66.448,48.948,52.892,60.726,64.534,64.888,48.906,33.432,33.564,34.407,34.738,49.423,46.705,42.143,42.858,43.95,45.765,54.841
Suriname,1.276,1.427,1.469,1.419,1.387,1.402,1.43,1.573,1.864,2.177,0.577,0.637,0.59,0.465,0.523,0.993,1.234,1.322,1.588,1.308,1.355,1.167,1.474,1.729,2,2.393,2.812,3.144,3.783,4.15,4.677,4.735,5.332,5.51,5.612,5.126,3.317,3.592,3.996,3.984,2.884,2.985,3.521,3.47,3.78,3.964,4.187,4.436,4.687
Sweden,140.384,128.148,113.059,103.89,108.255,113.249,149.633,181.991,205.883,216.691,259.9,272.205,283.228,212.953,229.034,267.307,291.746,268.146,270.81,274.071,262.834,242.395,266.848,334.337,385.119,392.219,423.091,491.255,517.706,436.536,495.813,574.094,552.484,586.842,581.964,505.104,515.655,541.019,555.455,533.88,547.054,636.856,585.939,599.052,615.49,636.845,655.411,677.406,698.955
Switzerland,122.466,112.129,114.891,114.517,109.4,110.965,159.074,199.086,215.36,208.135,265.911,269.003,279.764,272.006,301.246,352.955,340.181,294.747,303.168,297.555,279.171,286.699,309.499,362.133,403.435,418.046,441.642,490.813,566.957,553.718,598.226,715.644,686.373,706.404,726.684,693.937,687.55,695.258,725.766,721.824,739.021,799.712,807.234,869.601,915.849,954.403,1005.767,1048.669,1106.478
Syria,12.98,16.652,17.415,18.649,19.171,21.177,25.428,32.497,16.538,9.849,12.303,12.738,13.263,13.796,15.105,16.556,17.761,16.573,16.144,16.785,19.861,20.979,22.758,21.702,25.204,28.881,33.824,40.488,52.631,53.939,60.043,"no data","no data","no data","no data","no data","no data","no data","no data","no data","no data","no data","no data","no data","no data","no data","no data","no data","no data"
"SÃ£o TomÃ© and PrÃ­ncipe",0.069,0.084,0.081,0.076,0.079,0.083,0.117,0.117,0.1,0.099,0.12,0.108,0.096,0.127,0.132,0.104,0.136,0.093,0.073,0.078,0.077,0.072,0.08,0.096,0.104,0.125,0.133,0.145,0.188,0.188,0.197,0.233,0.253,0.303,0.349,0.318,0.348,0.376,0.416,0.431,0.477,0.531,0.552,0.625,0.663,0.691,0.724,0.786,0.846
"Taiwan Province of China",42.285,48.969,49.535,54.148,61.071,63.617,78.195,105.039,126.473,152.704,166.622,187.14,222.911,236.339,256.247,279.059,292.494,303.284,279.964,303.83,330.68,299.276,307.439,317.381,346.924,374.06,386.45,406.907,415.901,390.829,444.281,483.974,495.61,512.943,535.328,534.515,543.081,590.733,609.198,611.396,673.178,775.741,761.691,790.728,843.191,878.779,918.448,953.368,990.753
Tajikistan,"no data","no data","no data","no data","no data","no data","no data","no data","no data","no data","no data","no data",0.291,0.678,0.829,0.569,1.052,1.121,1.32,1.087,0.991,1.057,1.212,1.555,2.073,2.311,2.811,3.712,5.135,4.977,5.642,6.523,7.592,8.506,9.242,7.857,6.994,7.535,7.762,8.301,8.134,8.934,10.467,12.796,14.241,15.373,16.601,17.905,19.32
Tanzania,10.873,13.005,14.932,15.294,13.915,12.556,15.874,7.821,7.474,6.444,5.172,6.019,5.588,5.17,5.478,6.382,7.889,9.341,11.481,11.777,12.369,12.61,13.125,14.159,15.576,17.174,18.867,21.807,27.762,28.985,31.533,34.067,39.651,45.681,50.002,47.384,49.774,53.227,56.699,60.701,65.549,69.938,77.063,85.421,94.178,102.803,112.438,123.598,136.094
Thailand,33.422,35.999,37.799,41.366,43.179,40.185,44.52,52.204,63.704,74.637,88.467,101.247,115.576,128.889,146.684,169.279,183.035,150.18,113.676,126.539,126.132,120.105,134.177,152.142,172.752,189.084,221.579,263.007,290.97,281.399,340.928,370.929,397.722,420.364,407.373,401.142,413.497,456.523,506.547,543.923,500.525,505.523,536.16,574.231,616.998,653.384,690.648,729.49,767
Timor-Leste,"no data","no data","no data","no data","no data","no data","no data","no data","no data","no data","no data","no data","no data","no data","no data","no data","no data","no data","no data","no data",0.367,0.477,0.47,0.49,0.441,0.462,0.454,0.543,0.648,0.727,0.882,1.042,1.16,1.396,1.447,1.594,1.651,1.596,1.564,2.029,2.158,3.621,3.659,1.988,2.002,2.146,2.299,2.463,2.638
Togo,1.994,1.656,1.396,1.33,1.222,1.281,1.795,2.107,2.345,2.302,2.772,2.74,2.873,2.189,1.697,2.24,2.448,2.494,2.361,2.37,2.014,2,2.301,2.854,3.048,3.08,3.173,3.592,4.483,4.554,4.63,5.223,5.229,5.831,6.174,5.641,6.03,6.393,7.115,7.221,7.586,8.43,8.173,9.001,9.651,10.117,10.563,11.367,12.232
Tonga,0.071,0.079,0.079,0.077,0.081,0.076,0.09,0.098,0.115,0.139,0.144,0.169,0.178,0.183,0.189,0.207,0.218,0.222,0.212,0.197,0.203,0.181,0.183,0.202,0.231,0.262,0.292,0.299,0.344,0.312,0.367,0.415,0.471,0.451,0.44,0.437,0.421,0.46,0.481,0.511,0.49,0.47,0.498,0.541,0.568,0.593,0.616,0.641,0.667
"Trinidad and Tobago",6.343,7.113,8.28,7.898,7.891,7.503,4.877,4.88,4.574,4.397,5.155,5.399,5.533,4.656,5.032,5.421,5.859,5.837,6.148,6.925,8.295,8.96,9.148,11.464,13.472,16.17,18.6,22.006,28.233,19.562,22.522,25.789,27.122,28.557,29.489,26.852,23.505,23.798,24.322,23.85,21.059,24.46,27.883,28.223,29.49,30.337,30.927,31.607,32.309
Tunisia,9.566,9.223,8.9,9.202,9.054,9.245,9.91,10.663,11.073,11.069,14.133,14.897,17.809,16.724,17.886,20.616,22.324,21.762,22.87,24.066,22.524,23.146,24.274,28.797,32.71,33.851,36.059,40.819,47.039,45.593,46.21,48.122,47.311,48.681,50.273,45.779,44.36,42.167,42.687,41.905,42.54,46.688,46.601,49.815,51.53,52.682,54.542,56.773,58.872
Turkmenistan,"no data","no data","no data","no data","no data","no data","no data","no data","no data","no data","no data","no data",1.607,9.063,7.675,9.927,4.021,4.531,4.837,6.518,8.487,11.717,14.703,19.307,23.991,29.023,36.154,43.875,36.363,34.162,34.788,44.07,49.858,51.301,55.523,44.06,41.698,46.365,48.686,52.961,53.194,64.367,78.003,82.649,91.796,102.24,113.826,126.927,141.675
Tuvalu,"no data","no data","no data","no data","no data","no data","no data","no data","no data","no data","no data","no data","no data","no data","no data","no data","no data","no data","no data","no data",0.015,0.014,0.017,0.02,0.023,0.023,0.024,0.029,0.032,0.028,0.032,0.04,0.039,0.039,0.039,0.037,0.041,0.045,0.048,0.054,0.052,0.06,0.06,0.065,0.07,0.074,0.078,0.082,0.086
"TÃ¼rkiye, Republic of",96.596,97.865,88.918,84.968,82.642,92.827,102.337,118.926,125.032,147.727,207.508,208.402,219.176,248.573,179.359,233.566,250.486,261.857,275.834,256.566,274.321,202.248,240.191,314.752,409.127,506.186,555.126,680.489,770.82,648.797,776.558,838.508,880.141,957.504,938.512,864.071,869.28,858.932,779.694,759.45,720.11,817.508,905.527,1029.303,1087.052,1146.192,1209.774,1272.781,1334.701
Uganda,7.486,12.12,8.41,9.619,7.399,6.771,6.746,10.878,11.268,9.136,7.452,3.897,3.645,4.311,6.24,7.473,7.713,8.407,8.23,7.823,7.756,7.835,8.425,8.725,10.75,12.46,14.079,17.512,22.419,24.107,24.683,27.501,30.939,32.331,33.122,27.65,29.596,31.402,34.183,38.055,37.514,42.941,48.841,49.792,53.793,58.911,65.136,71.003,76.988
Ukraine,"no data","no data","no data","no data","no data","no data","no data","no data","no data","no data","no data","no data",22.193,35.025,38.012,38.275,46.083,51.867,43.315,32.661,32.331,37.863,42.339,50.096,64.747,85.996,107.767,143.26,181.313,117.079,136.011,163.059,175.781,183.31,133.392,90.922,93.349,112.127,130.905,153.904,156.566,200.155,151.502,148.712,"no data","no data","no data","no data","no data"
"United Arab Emirates",40.415,45.002,41.848,38.345,38.012,37.31,29.568,32.466,32.999,38.09,49.09,49.821,52.208,53.438,57.45,63.637,70.991,76.199,73.394,82.865,103.893,103.312,109.816,124.346,147.824,180.617,222.117,257.916,315.475,253.547,289.787,350.666,384.61,400.219,414.105,370.276,369.255,390.517,427.049,417.99,349.473,415.022,507.535,498.978,519.226,545.063,573.956,605.332,639.339
"United Kingdom",604.85,588.508,559.452,533.014,504.994,537.245,655.186,814.43,990.377,1008.476,1198.166,1250.006,1291.208,1156.686,1243.438,1346.449,1423.074,1562.135,1655.219,1689.707,1669.283,1649.083,1788.663,2058.485,2424.053,2547.665,2713.729,3094.006,2962.502,2426.291,2493.844,2667.317,2706.822,2788.128,3066.819,2935.506,2709.678,2685.637,2881.845,2858.728,2706.542,3123.231,3070.6,3158.938,3375.217,3573.614,3792.705,4015.519,4245.423
"United States",2857.325,3207.025,3343.8,3634.025,4037.65,4339,4579.625,4855.25,5236.425,5641.6,5963.125,6158.125,6520.325,6858.55,7287.25,7639.75,8073.125,8577.55,9062.825,9631.175,10250.95,10581.925,10929.1,11456.45,12217.175,13039.2,13815.6,14474.25,14769.85,14478.05,15048.975,15599.725,16253.95,16843.225,17550.675,18206.025,18695.1,19477.35,20533.075,21380.95,21060.45,23315.075,25464.475,26854.599,27741.123,28765.96,29902.871,31091.594,32349.658
Uruguay,12.165,13.578,11.1,6.093,5.794,5.662,7.029,8.794,9.098,9.589,11.156,13.445,15.45,17.987,20.95,23.168,24.625,26.044,27.587,26.066,24.786,22.705,14.8,13.103,14.896,18.905,21.325,25.495,33.01,34.418,43.78,52.132,55.701,62.59,62.28,57.971,57.335,64.295,64.541,61.238,53.558,59.321,71.887,77.313,80.81,84.414,87.782,91.422,94.984
Uzbekistan,"no data","no data","no data","no data","no data","no data","no data","no data","no data","no data","no data","no data",4.476,6.897,8.175,12.746,17.453,18.433,18.738,21.362,17.195,14.581,12.106,12.697,15.045,17.939,21.344,27.963,35.858,41.945,49.772,60.213,67.52,73.192,80.848,85.662,85.658,62.081,52.87,60.284,60.225,69.601,80.418,92.332,103.53,116.282,131.765,148.984,168.662
Vanuatu,0.121,0.114,0.114,0.117,0.144,0.132,0.128,0.139,0.158,0.154,0.169,0.201,0.209,0.2,0.234,0.249,0.261,0.273,0.262,0.268,0.272,0.257,0.262,0.315,0.365,0.39,0.435,0.517,0.582,0.59,0.652,0.738,0.736,0.755,0.774,0.744,0.775,0.88,0.929,0.93,1.008,0.942,1.001,1.064,1.137,1.217,1.293,1.372,1.449
Venezuela,69.841,78.367,79.998,79.672,57.826,59.865,60.877,46.854,60.378,44.672,48.391,53.382,60.4,59.865,58.357,77.427,70.536,85.684,91.836,97.517,117.596,123.119,95.258,83.684,112.254,143.375,178.521,232.857,306.764,268.624,318.281,316.482,372.592,258.931,214.69,125.449,112.915,115.883,102.021,73.003,43.788,57.148,93.111,96.628,100.633,"no data","no data","no data","no data"
Vietnam,35.357,17.617,23.369,35.204,61.171,19.045,43.009,53.385,29.501,7.991,8.217,9.704,12.528,16.736,20.712,26.407,31.352,34.146,34.58,36.444,39.585,41.297,44.563,50.233,62.877,73.197,84.301,98.426,124.756,129.022,143.212,171.312,195.169,212.728,232.888,236.795,252.146,277.071,304.47,331.818,346.31,369.736,406.452,449.094,498.373,550.47,605.299,662.903,725.529
"West Bank and Gaza","no data","no data","no data","no data","no data","no data","no data","no data","no data","no data","no data","no data","no data","no data",2.843,3.283,3.41,3.76,4.068,4.271,4.314,4.004,3.556,3.968,4.603,5.126,5.348,5.816,7.31,8.086,9.682,11.186,12.208,13.515,13.99,13.972,15.405,16.128,16.277,17.134,15.532,18.109,18.754,19.206,19.996,20.743,21.416,22.282,23.184
Yemen,"no data","no data","no data","no data","no data","no data","no data","no data","no data","no data",12.644,14.665,17.959,21.737,28.019,12.796,6.496,6.838,6.322,7.639,9.679,9.853,10.693,11.778,13.868,16.732,19.063,21.651,26.911,25.13,30.907,32.726,35.401,40.415,43.229,42.444,31.318,26.842,21.606,21.888,18.373,16.957,20.645,19.529,21.102,24.915,28.624,30.69,32.223
Zambia,4.246,4.385,4.232,3.653,3.003,2.848,1.962,2.431,4.095,4.365,4.085,3.69,3.614,3.549,3.657,3.799,3.599,4.303,3.538,3.405,3.601,3.87,4.194,4.902,6.221,8.329,12.762,14.06,17.914,15.332,20.264,23.455,25.502,28.042,27.145,21.245,20.965,25.874,26.312,23.309,18.111,22.148,28.5,29.272,31.469,33.931,36.693,39.669,42.947
Zimbabwe,"no data","no data","no data","no data","no data","no data","no data","no data","no data","no data",10.144,9.45,7.793,7.569,7.959,8.263,10.117,10.386,12.099,11.769,11.34,11.244,10.735,9.574,9.465,9.046,8.141,7.785,6.707,9.666,12.042,14.1,17.116,19.093,19.499,19.969,20.555,21.385,36.945,26.032,26.878,35.967,33.02,29.931,26.674,27.978,28.435,26.699,27.779
"Africa (Region)",465.992,475.734,481.624,462.903,404.804,397.357,436.642,489.891,520.382,559.462,652.877,602.915,604.244,605.136,593.589,705.236,787.203,816.984,825.778,683.407,703.55,681.515,695.907,839.674,1005.614,1182.626,1364.207,1585.381,1854.675,1761.757,2059.945,2304.566,2463.656,2555.927,2648.798,2419.438,2301.875,2316.143,2479.852,2540.86,2455.608,2746.799,2974.59,2994.577,3142.775,3383.827,3632.868,3903.836,4212.904
"Asia and Pacific",2360.713,2524.29,2455.854,2609.34,2767.635,2821.468,3597.414,4272.385,5098.928,5299.471,5527.477,6090.225,6672.347,7513.709,8143.61,9252.835,9032.076,8688.337,7860.138,8733.088,9350.074,8724.917,8960.169,10000.629,11283.48,12199.738,13062.237,14931.596,16895.279,17372.894,20290.797,23343.746,24798.919,25179.381,26101.574,25889.771,26951.989,28886.518,31001.703,31782.301,31870.172,36349.6,36556.926,38867.58,41469.826,44275.62,47230.219,50275.175,53607.45
"Australia and New Zealand",185.479,211.889,210.293,201.968,219.523,196.928,208.906,250.072,316.588,352.459,369.858,367.909,359.623,354.105,406.275,441.334,493.784,495.288,438.2,470.619,454.086,430.908,487.349,623.474,760.172,849.204,892.536,1084.406,1191.86,1122.501,1399.859,1682.015,1744.467,1706.163,1656.759,1409.314,1449.42,1585.182,1626.653,1596.086,1570.779,1895.702,1943.831,1959.517,1971.522,2047.82,2127.215,2216.275,2306.761
Caribbean,18.167,19.868,21.931,21.855,21.867,22.314,21.287,20.202,20.611,22.203,22.559,22.447,22.208,22.92,26.021,31.753,34.292,37.046,39.82,42.418,44.608,45.017,46.698,48.258,53.494,60.516,66.001,74.671,84.212,74.071,79.347,85.996,90.481,93.172,95.187,93.421,88.078,91.66,95.913,95.505,83.101,99.026,115.136,127.035,138.064,143.095,154.198,159.297,164.511
"Central America",35.06,35.059,35.6,37.393,44.59,38.658,38.096,37.762,36.064,40.79,37.208,46.116,52.125,56.877,62.148,69.247,74.07,80.813,87.502,88.669,94.03,99.289,104.707,102.597,109.741,131.591,144.141,164.073,184.771,184.664,205.556,230.724,248.756,263.77,281.268,301.142,317.761,336.327,349.426,362.165,333.717,380.69,425.405,464.009,494.83,526.369,559.721,595.31,633.32
"Central Asia and the Caucasus",96.596,97.865,88.918,84.968,82.642,92.827,102.337,118.926,125.032,147.727,207.508,208.402,230.644,273.172,212.783,280.605,303.79,319.085,334.396,312.971,330.983,264.186,310.923,399.802,518.274,645.974,741.591,926.006,1070.853,925.951,1109.341,1257.267,1336.803,1457.113,1438.101,1289.124,1229.269,1237.449,1172.195,1169.68,1111.853,1253.377,1425.267,1596.515,1698.894,1807.722,1920.068,2035.869,2162.393
"East Asia",1570.123,1688.3,1605.341,1748.934,1854.365,1941.394,2661.913,3219.765,3932.72,4047.947,4122.74,4680.135,5164.748,5912.394,6416.901,7268.321,6847.586,6502.849,5955.332,6692.204,7253.835,6726.027,6750.836,7359.568,8153.114,8614.332,8991.802,9930.595,11373.93,11931.686,13616.575,15721.678,16860.509,17009.111,17744.739,17879.999,18605.031,19762.723,21592.202,22098.694,22587.462,25735.762,25138.335,26695.724,28465.039,30332.094,32293.73,34276.014,36465.144
"Eastern Europe ",160.124,169.825,183.443,185.514,177.958,176.996,183.502,186.925,218.547,212.447,162.917,148.275,289.859,452.964,598.081,769.721,889.826,936.546,816.529,703.897,766.066,867.372,980.34,1196.876,1524.825,1865.716,2262.318,2925.601,3656.302,2860.014,3234.256,3830.313,3887.493,4068.71,3829.296,2886.271,2830.556,3304.866,3608.559,3705.332,3488.667,4147.051,4524.55,4604.896,4832.091,5059.799,5267.412,5440.271,5590.926
Europe,4005.038,3605.343,3490.679,3401.131,3267.02,3382.501,4553.671,5594.139,6259.834,6359.876,7796.38,8265.992,9116.087,8472.557,9108.223,10533.651,10836.957,10290.113,10464.134,10365.034,9748.635,9912.128,10835.778,13155.997,15285.27,16191.101,17497.087,20401.794,22435.531,19703.313,20026.18,22043.195,21103.959,21987.963,22337.8,19186.445,19193.202,20415.816,22024.547,21743.988,21021.72,23881.086,23721.631,24881.193,25924.345,27011.804,28065.375,29015.995,29869.633
"Middle East (Region)",392.899,427.611,415.529,423.143,420.103,422.356,428.583,517.208,547.445,624.771,883.14,625.588,404.608,426.718,473.798,533.645,613.348,660.835,664.923,780.132,968.942,917.243,732.079,820.546,980.367,1196.688,1412.013,1678.849,2107.273,1866.354,2204.798,2646.706,2631.02,2745.471,2827.721,2460.192,2489.504,2678.711,2710.89,2708.939,2323.491,2813.268,3439.896,3382.345,3499.861,3646.107,3802.748,3968.756,4148.719
"North Africa",139.432,133.403,138.285,144.608,149.474,165.883,171.774,198.043,209.218,235.336,236.401,179.932,183.136,183.383,183.113,201.908,223.921,229.784,236.41,250.134,263.576,258.072,238.135,265.195,299.479,347.497,400.366,466.603,575.752,542.463,613.703,653.742,749.74,752.59,762.222,721.01,717.323,642.186,684.733,729.634,738.963,815.001,899.365,828.01,826.091,877.217,929.021,981.704,1038.146
"North America",3376.431,3823.836,3888.28,4166.879,4618.401,4942.861,5131.122,5477.326,5973.909,6483.171,6880.22,7151.065,7553.064,7975.327,8434.664,8648.434,9160.037,9781.163,10277.437,10967.657,11765.192,12147.255,12533.905,13157.218,14106.214,15174.096,16197.615,17085.367,17526.341,16850.992,17822.502,18673.891,19384.971,20066.714,20774.228,21037.779,21405.926,22388.974,23581.739,24498.811,23901.583,26695.927,29134.876,30728.275,31774.416,32966.596,34273.809,35639.76,37087.007
"Pacific Islands ",5.934,5.899,5.647,5.542,5.345,4.997,5.442,5.713,7.235,7.171,6.958,7.917,9.022,10.051,11.092,10.507,11.229,10.908,8.637,8.46,8.226,7.514,7.536,9.3,10.747,12.324,13.607,15.37,17.94,17.116,20.354,25.206,28.953,29.274,31.592,29.89,29.287,31.98,33.791,34.381,32.405,35.031,40.807,42.698,44.356,45.386,48.185,51.173,54.288
"South America",581.769,584.665,495.151,464.093,454.849,500.931,565.096,599.529,667.942,731.494,812.542,834.296,892.46,963.882,1147.306,1434.752,1539.914,1637.421,1616.836,1304.517,1379.088,1267.503,997.577,1074.783,1297.939,1657.152,2015.209,2506.449,3045.762,2935.245,3764.514,4404.548,4451.471,4431.269,4315.495,3522.706,3421.351,3872.562,3652.643,3480.323,2864.37,3299.804,3809.304,4067.968,4253.608,4423.782,4629.636,4865.55,5140.469
"South Asia",256.672,272.333,281.97,297.454,298.751,322.877,340.781,377.187,404.033,411.274,441.269,400.275,424.601,421.277,475.603,528.897,571.345,598.188,606.17,641.417,655.714,671.042,705.301,822.409,952.18,1086.71,1235.786,1558.495,1591.303,1745.065,2126.839,2311.266,2336.671,2400.84,2631.97,2757.28,2992.611,3414.847,3515.871,3639.166,3470.847,4047.895,4347.391,4628.346,5039.274,5473.827,5939.808,6445.877,6995.367
"Southeast Asia",245.909,248.004,263.685,270.473,307.009,262.444,278.035,300.722,313.32,332.892,379.143,425.586,483.709,542.711,620.955,723.172,804.342,762.019,517.404,607.417,647.23,625.241,698.224,786.076,888.992,991.194,1186.916,1416.725,1649.393,1630.575,2017.828,2346.314,2491.517,2576.88,2598.412,2524.164,2646.371,2854.336,3060.992,3244.294,3096.825,3381.834,3661.295,3944.78,4250.741,4568.771,4901.213,5249.966,5623.497
"Sub-Saharan Africa (Region) ",326.56,342.331,343.339,318.295,255.329,231.475,264.869,291.849,311.164,324.125,416.476,422.983,421.108,421.753,410.476,503.329,563.283,587.199,589.368,433.273,439.974,423.443,457.772,574.479,706.135,835.128,963.841,1118.779,1278.923,1219.294,1446.242,1650.823,1713.916,1803.337,1886.577,1698.428,1584.552,1673.957,1795.12,1811.226,1716.645,1931.799,2075.225,2166.567,2316.683,2506.61,2703.847,2922.132,3174.758
"Western Europe",3844.914,3435.518,3307.235,3215.617,3089.062,3205.505,4370.169,5407.214,6041.287,6147.429,7633.463,8117.716,8826.228,8019.594,8510.142,9763.93,9947.131,9353.567,9647.605,9661.137,8982.569,9044.756,9855.438,11959.121,13760.445,14325.385,15234.77,17476.193,18779.229,16843.299,16791.924,18212.883,17216.466,17919.253,18508.504,16300.173,16362.646,17110.951,18415.987,18038.656,17533.053,19734.034,19197.081,20276.297,21092.254,21952.005,22797.963,23575.725,24278.707
"Western Hemisphere (Region)",4011.427,4463.429,4440.963,4690.22,5139.706,5504.764,5755.601,6134.819,6698.527,7277.659,7752.528,8053.924,8519.857,9019.006,9670.139,10184.186,10808.314,11536.444,12021.595,12403.261,13282.918,13559.064,13682.887,14382.857,15567.387,17023.355,18422.967,19830.559,20841.085,20044.972,21871.919,23395.159,24175.679,24854.926,25466.178,24955.047,25233.116,26689.523,27679.721,28436.804,27182.771,30475.447,33484.72,35387.287,36660.918,38059.841,39617.364,41259.916,43025.307
ASEAN-5,208.639,229.269,239.197,233.223,242.907,234.883,228.952,241.508,278.672,318.986,363.361,406.564,460.862,515.309,588.397,682.591,758.554,713.871,467.853,553.827,587.507,564.381,633.662,712.28,798.212,885.483,1064.665,1272.943,1466.256,1441.247,1803.204,2079.735,2192.89,2256.563,2253.859,2177.688,2285.138,2463.014,2631.963,2782.318,2610.812,2884.173,3133.939,3369.484,3620.243,3878.648,4148.253,4430.685,4731.984
"Advanced economies",8479.606,8615.146,8554.679,8900.75,9308.859,9802.21,11970,13919.956,15726.931,16405.361,18416.218,19666.996,21156.842,21322.601,22895.932,25360.404,25538.353,25041.07,25132.372,26465.873,26923.495,26648.687,27801.726,31188.262,34600.427,36404.895,38277.589,41815.228,44180.539,41675.453,43526.516,46728.514,46555.614,46966.401,48043.213,45449.127,46671.191,48687.936,51537.607,52037.09,51000.154,56628.973,57582.432,60469.069,62642.799,65153.074,67753.068,70310.193,72991.719
"Emerging and Developing Asia",767.344,762.23,777.961,821.919,862.969,839.538,863.3,944.96,1054.549,1123.707,1128.886,1137.473,1287.374,1455.921,1520.249,1818.236,2059.513,2138.642,1980.689,2174.173,2332.624,2462.067,2698.369,3078.143,3570.072,4122.756,4891.392,6198.679,7457.181,8103.877,9767.546,11666.45,12862.239,14077.533,15209.399,15824.887,16274.642,17896.491,19733.731,20575.851,20828.243,24468.423,25324.225,27148.098,29322.414,31549.518,33922.843,36407.289,39042.192
"Emerging and Developing Europe",256.72,267.69,272.362,270.481,260.601,269.823,285.839,305.851,343.579,360.173,370.425,356.678,487.502,659.311,721.053,865.063,988.507,1049.598,932.536,803.787,892.324,912.068,1034.697,1275.437,1649.149,2050.884,2449.82,3143.138,3865.429,3020.949,3528.104,4136.997,4272.209,4512.681,4248.175,3294.24,3228.009,3647.109,3806.53,3878.536,3629.956,4301.444,4751.45,4871.887,5103.473,5340.465,5569.771,5767.267,5944.729
"Emerging market and developing economies",2756.463,2881.262,2729.969,2685.987,2690.41,2726.236,2801.912,3088.487,3398.183,3715.877,4196.185,3971.648,4160.302,4714.526,5093.428,5849.371,6539.764,6951.96,6704.528,6499.384,7133.354,7156.085,7115.749,8023.628,9536.636,11405.226,13500.456,16636.912,19980.217,19101.141,22961.435,27052.743,28671.881,30420.977,31406.748,29519.35,29556.757,32363.025,34429.219,35246.505,33894.769,39685.491,42635.966,45099.708,48121.079,51296.771,54672.706,58195.132,61958.764
"Euro area","no data","no data","no data","no data","no data","no data","no data","no data","no data","no data","no data",6115.221,6744.202,6129.911,6475.177,7642.165,7758.58,6965.739,7131.121,7141.614,6511.098,6607.591,7208.725,8879.084,10179.339,10556.611,11216.402,12925.145,14215.695,12980.706,12707.832,13698.036,12704.266,13255.93,13572.847,11727.433,12022.769,12731.16,13765.762,13481.145,13133.151,14648.169,14128.21,15070.802,15604.034,16204.5,16763.733,17246.232,17628.517
"European Union",3207.904,2835.338,2748.142,2686.86,2585.386,2663.527,3654.118,4478.265,4943.522,5032.152,6203.787,6616.828,7296.426,6669.143,7075.467,8281.499,8416.374,7728.316,7964.98,7925.966,7271,7383.088,8066.818,9915.495,11398.396,11900.672,12698.132,14717.224,16289.16,14746.768,14566.627,15762.897,14650.127,15295.068,15654.473,13553.864,13885.356,14760.671,15986.354,15693.93,15359.111,17193.799,16642.598,17818.782,18512.924,19282.982,19989.962,20612.934,21111.307
"Latin America and the Caribbean",863.601,933.203,765.76,697.056,726.165,779.291,774.992,822.551,926.543,1040.567,1162.71,1250.998,1370.526,1544.474,1763.286,1895.848,2059.25,2255.696,2270.68,2035.828,2225.635,2168.503,1921.092,1954.974,2243.416,2726.735,3200.735,3797.889,4424.732,4094.027,5107.218,5901.755,5991.802,6062.655,6007.306,5089.138,4905.684,5459.461,5320.388,5207.003,4371.703,5052.359,5763.945,6322.177,6619.448,6889.889,7203.973,7549.01,7941.478
"Major advanced economies (G7)",6901.185,7118.285,7086.462,7477.545,7869.084,8343.034,10095.969,11605.34,13053.285,13549.224,14987.281,16054.931,17237.742,17583.37,18796.53,20503.115,20467.12,20199.621,20469.36,21580.729,22095.493,21836.188,22513.988,24852.422,27298.307,28497.678,29715.525,31917.153,33475.125,31873.396,33106.875,35201.416,35364.524,35378.007,36229.604,34777.156,35754.184,36987.977,39042.45,39730.749,38881.548,42781.282,43779.881,45915.037,47504.743,49405.865,51406.688,53352.48,55430.066
"Middle East and Central Asia",551.333,582.337,575.296,584.721,593.337,611.656,620.312,735.241,771.898,884.157,1122.361,808.749,599.728,640.815,686.96,776.38,880.414,933.844,944.928,1065.781,1258.49,1208.278,1024.57,1164.882,1397.808,1708.836,2045.019,2443.386,3025.305,2723.957,3185.22,3771.687,3889.283,4027.038,4124.846,3685.796,3637.776,3744.501,3817.269,3818.606,3394.423,3979.468,4784.51,4652.566,4816.878,5069.712,5333.565,5613.44,5929.627
"Other advanced economies",775.275,790.861,785.665,784.098,821.926,819.464,999.433,1230.296,1450.501,1577.608,1817.339,1930.548,2059.896,2033.363,2283.41,2691.557,2870.196,2781.216,2510.234,2688.618,2777.611,2695.043,2930.935,3377.279,3858.132,4254.146,4608.187,5270.239,5569.649,5121.129,5896.378,6736.591,6790.069,7020.257,7150.125,6578.722,6711.968,7213.687,7590.744,7454.547,7404.601,8537.896,8545.95,8859.428,9185.869,9563.899,9951.113,10352.406,10783.151
"Sub-Saharan Africa",317.464,335.801,338.59,311.81,247.337,225.928,257.468,279.884,301.613,307.273,411.803,417.751,415.172,414.005,401.88,493.844,552.08,574.181,575.695,419.814,424.28,405.17,437.021,550.192,676.192,796.015,913.489,1053.821,1207.571,1158.332,1373.347,1575.854,1656.348,1741.07,1817.021,1625.288,1510.645,1615.463,1751.302,1766.509,1670.445,1883.797,2011.835,2104.979,2258.866,2447.187,2642.554,2858.126,3100.738
World,11236.068,11496.407,11284.648,11586.737,11999.268,12528.446,14771.911,17008.443,19125.114,20121.238,22612.403,23638.644,25317.144,26037.126,27989.36,31209.775,32078.117,31993.03,31836.9,32965.257,34056.849,33804.773,34917.475,39211.89,44137.064,47810.121,51778.045,58452.14,64160.756,60776.594,66487.951,73781.257,75227.496,77387.378,79449.961,74968.477,76227.947,81050.962,85966.827,87283.595,84894.923,96314.464,100218.398,105568.776,110763.878,116449.845,122425.775,128505.325,134950.483
,,,,,,,,,,,,,,,,,,,,,,,,,,,,,,,,,,,,,,,,,,,,,,,,,
"Â©IMF, 2023",,,,,,,,,,,,,,,,,,,,,,,,,,,,,,,,,,,,,,,,,,,,,,,,,
