"GDP, current prices (Purchasing power parity; billions of international dollars)",1980,1981,1982,1983,1984,1985,1986,1987,1988,1989,1990,1991,1992,1993,1994,1995,1996,1997,1998,1999,2000,2001,2002,2003,2004,2005,2006,2007,2008,2009,2010,2011,2012,2013,2014,2015,2016,2017,2018,2019,2020,2021,2022,2023,2024,2025,2026,2027
,,,,,,,,,,,,,,,,,,,,,,,,,,,,,,,,,,,,,,,,,,,,,,,,
Afghanistan,"no data","no data","no data","no data","no data","no data","no data","no data","no data","no data","no data","no data","no data","no data","no data","no data","no data","no data","no data","no data","no data","no data",19.661,21.792,22.527,25.982,28.22,32.848,34.772,42.198,46.309,50.334,59.945,63.784,69.444,72.056,70.098,74.712,77.406,81.873,80.912,"no data","no data","no data","no data","no data","no data","no data"
Albania,5.759,6.663,7.28,7.649,8.083,8.214,8.848,8.994,9.181,10.476,9.782,7.281,6.911,7.754,8.664,9.633,10.702,9.697,10.672,12.217,13.362,14.796,15.708,16.904,18.315,19.933,21.761,23.686,25.951,26.994,28.331,29.655,30.53,30.604,32.529,33.595,34.736,37.609,40.055,41.623,40.658,45.953,51.189,54.338,57.254,60.184,63.415,66.84
Algeria,89.746,101.183,114.311,125.202,136.986,149.231,151.931,154.599,157.01,170.999,178.817,182.647,189.798,190.211,192.526,204.126,215.762,221.897,235.839,246.815,261.998,275.938,295.932,323.5,346.468,378.416,396.663,421.124,439.329,449.362,471.208,494.947,497.33,497.988,506.135,477.358,471.382,485.802,503.376,517.505,497.03,535.802,600.668,638.046,664.253,689.136,715.489,741.677
Andorra,"no data","no data","no data","no data","no data","no data","no data","no data","no data","no data","no data","no data","no data","no data","no data","no data","no data","no data","no data","no data",2.221,2.456,2.607,2.89,3.209,3.488,3.769,3.931,3.783,3.606,3.577,3.651,3.571,3.563,3.718,3.784,4.072,4.215,4.384,4.552,4.092,4.643,5.301,5.599,5.854,6.088,6.309,6.528
Angola,10.89,11.396,12.1,13.102,14.389,15.364,16.128,17.201,18.899,19.649,19.681,22.805,25.984,29.518,33.317,37.541,42.513,46.392,49.115,50.893,53.636,57.151,65.974,69.288,78.94,93.652,107.69,126.095,142.863,145.013,153.887,162.539,186.124,199.866,220.365,204.604,204.875,217.805,220.072,222.436,212.172,222.765,245.442,262.898,278.817,295.428,313.407,332.012
"Antigua and Barbuda",0.274,0.311,0.33,0.361,0.412,0.458,0.521,0.569,0.62,0.678,0.724,0.765,0.792,0.853,0.929,0.908,0.985,1.057,1.12,1.177,1.279,1.248,1.281,1.385,1.504,1.652,1.919,2.155,2.196,1.946,1.815,1.816,1.772,1.72,1.762,1.77,1.883,1.893,2.072,2.212,1.786,1.959,2.224,2.433,2.619,2.775,2.904,3.039
Argentina,172.522,177.997,183.044,197.314,208.525,200.165,218.786,229.867,233.316,225.476,230.785,263.638,297.418,323.499,349.671,346.845,372.716,409.894,430.468,421.755,427.907,418.256,378.498,420.534,470.303,527.986,588.077,658.373,698.222,661.108,736.799,797.264,819.698,849.616,839.897,867.177,885.228,1039.331,1036.305,1033.738,942.17,1083.36,1207.228,1275.548,1328.608,1380.373,1434.788,1491.803
Armenia,"no data","no data","no data","no data","no data","no data","no data","no data","no data","no data","no data","no data",5.605,4.932,5.309,5.856,6.271,6.595,7.088,7.416,8.027,8.985,10.477,12.185,13.822,16.268,18.983,22.176,24.172,20.884,21.6,23.086,27.009,28.5,29.231,29.167,31.429,35.677,38.437,42.111,39.466,43.433,49.767,53.356,56.873,60.536,64.465,68.669
Aruba,"no data","no data","no data","no data","no data","no data",0.741,0.882,1.083,1.262,1.361,1.519,1.645,1.807,1.997,2.09,2.155,2.346,2.42,2.488,2.74,2.918,2.936,3.027,3.335,3.426,3.572,3.782,3.925,3.489,3.434,3.624,3.552,3.799,3.817,3.893,3.941,4.098,4.417,4.525,3.728,4.55,5.066,5.348,5.525,5.694,5.871,6.055
Australia,155.389,177.109,188.171,194.614,214.434,233.284,243.807,262.061,282.841,307.554,323.819,331.433,347.676,369.924,396.13,416.39,441.107,469.374,496.728,525.629,554.195,581.79,615.489,646.57,691.208,734.247,776.597,832.422,870.121,892.432,925.187,971.105,983.683,1083.867,1110.801,1111.502,1171.813,1229.575,1293.905,1343.163,1330.292,1453.551,1615.286,1704.479,1771.582,1840.791,1916.207,1997.794
Austria,84.657,92.574,100.169,107.011,111.241,117.332,122.496,127.636,133.406,144.027,155.91,166.73,174.1,179.165,187.387,196.421,204.814,212.708,222.806,233.981,247.359,256.137,264.425,272.183,287.133,302.783,322.907,343.995,355.712,344.515,355.061,373.031,391.635,406.37,417.06,431.092,460.236,479.46,503.194,519.834,490.668,534.573,599.47,627.037,652.357,676.442,701.039,726.752
Azerbaijan,"no data","no data","no data","no data","no data","no data","no data","no data","no data","no data","no data","no data",32.738,25.773,21.145,18.776,19.603,21.713,23.276,26.294,28.564,31.102,34.568,38.849,43.583,57.519,79.73,102.735,115.795,127.456,135.166,135.804,148.34,161.865,166.329,144.146,140.23,139.153,144.615,150.852,146.259,160.897,178.679,189.759,198.613,207.33,216.517,226.227
"Bahamas, The",2.658,2.825,3.188,3.539,3.754,4.032,4.22,4.484,4.747,5.047,5.291,5.241,5.155,5.294,5.577,5.943,6.308,6.734,7.131,7.748,8.252,8.66,9.032,9.094,9.421,10.046,10.617,11.061,11.011,10.619,10.912,11.207,11.713,11.696,12.359,12.669,12.806,13.709,14.294,14.825,11.43,13.538,15.661,16.883,17.755,18.428,19.07,19.731
Bahrain,7.326,8.242,9.312,10.353,11.176,11.422,11.708,11.851,13,13.646,14.653,15.495,16.977,18.7,19.713,20.514,21.568,22.455,23.809,25.587,28.003,29.347,30.802,33.388,36.677,40.388,44.327,49.301,53.382,55.089,58.169,60.556,65.875,67.717,68.276,62.523,63.831,71.282,74.525,77.502,74.564,79.391,87.905,93.75,98.587,103.447,108.613,114.089
Bangladesh,50.423,58.278,63.863,69.423,74.933,80.196,85.071,89.731,95.114,103.092,111.873,120.518,129.182,137.962,147.269,157.528,167.719,178.87,189.778,202.053,217.339,232.102,245.844,263.219,286.243,314.722,346.727,379.309,407.904,432.337,463.918,504.308,567.581,609.987,663.353,713.176,771.984,834.543,919.509,988.194,1052.337,1173.854,1345.646,1477.867,1617.827,1765.691,1925.195,2097.858
Barbados,1.513,1.625,1.641,1.714,1.839,1.918,2.057,2.163,2.317,2.495,2.503,2.486,2.398,2.475,2.578,2.685,2.843,3.029,3.178,3.233,3.453,3.448,3.529,3.677,3.829,4.105,4.472,4.694,4.817,4.602,4.551,4.614,4.344,4.36,4.322,4.426,4.559,4.519,4.6,4.622,4.036,4.233,5.01,5.448,5.729,5.987,6.242,6.479
Belarus,"no data","no data","no data","no data","no data","no data","no data","no data","no data","no data","no data","no data",50.706,47.963,43.256,39.268,41.097,46.585,51.086,53.544,57.911,62.009,66.154,72.205,82.625,93.27,105.763,118.003,132.574,133.648,145.811,156.715,171.038,179.366,179.598,171.204,168.422,173.63,183.356,189.336,190.329,202.797,201.967,209.613,216.247,222.027,227.32,233.464
Belgium,106.129,115.845,123.735,128.982,136.933,143.596,149.157,156.372,169.533,182.293,195.048,205.341,213.235,216.189,227.933,238.262,245.83,259.555,267.626,281.012,298.059,308.126,318.27,327.921,348.748,368.037,389.074,414.282,424.115,418.207,435.357,451.933,469.721,487.344,503.621,521.018,550.622,575.834,600.46,624.108,595.748,659.252,723.09,751.704,778.296,802.118,827.544,853.597
Belize,0.266,0.292,0.287,0.316,0.365,0.371,0.406,0.507,0.582,0.699,0.806,0.929,1.065,1.158,1.185,1.218,1.253,1.32,1.387,1.533,1.772,1.903,2.031,2.264,2.433,2.565,2.765,2.919,2.976,2.979,3.082,3.152,3.068,3.22,3.259,3.335,3.32,3.292,3.382,3.599,3.145,3.81,4.224,4.462,4.647,4.829,5.02,5.22
Benin,3.581,3.996,4.314,4.393,4.57,4.919,5.156,5.174,5.54,5.593,6.323,6.813,7.174,7.773,8.099,8.769,9.316,10.02,10.534,11.148,12.068,12.998,13.814,14.572,15.626,16.392,17.564,19.118,20.439,21.047,21.751,22.86,24.309,26.709,29.147,30.531,32.668,34.023,37.169,40.431,42.493,47.426,53.699,59.076,63.934,69.034,74.587,80.574
Bhutan,0.194,0.241,0.277,0.309,0.345,0.371,0.409,0.503,0.6,0.662,0.749,0.812,0.848,0.896,0.936,1.013,1.093,1.173,1.258,1.366,1.494,1.635,1.818,2.027,2.224,2.447,2.703,3.133,3.543,3.772,4.18,4.688,5.194,5.462,5.871,6.591,7.27,7.934,8.435,8.965,8.86,8.921,9.937,10.732,11.513,12.427,13.406,14.457
Bolivia,10.681,11.727,11.961,11.927,12.333,12.509,12.433,13.054,13.908,15.001,16.284,17.721,18.423,19.665,21.023,22.468,23.877,25.492,27.075,27.574,28.906,30.055,31.282,32.764,35.048,37.745,40.776,43.79,47.373,49.278,51.928,55.765,61.453,69.841,75.554,77.543,82.736,94.285,100.615,104.685,96.689,106.856,118.802,126.972,133.525,139.815,146.181,152.735
"Bosnia and Herzegovina","no data","no data","no data","no data","no data","no data","no data","no data","no data","no data","no data","no data","no data","no data","no data","no data",11.394,14.239,16.389,18.406,19.659,20.577,21.954,23.251,25.369,27.273,29.714,32.342,34.806,34.743,35.431,36.495,37.104,38.975,39.732,41.195,44.253,46.394,49.279,51.581,50.574,56.65,62.165,65.667,69.056,72.45,76.044,79.841
Botswana,2.092,2.476,3.047,3.508,3.871,4.301,4.765,5.61,7.168,7.797,8.8,9.665,9.864,10.505,10.645,11.787,12.298,13.399,13.33,14.604,15.573,16.298,17.782,19.11,19.898,21.542,23.547,25.584,26.922,23.263,25.925,28.274,26.808,29.053,32.411,30.937,35.938,35.203,37.554,39.385,36.382,42.2,47.046,50.672,53.784,56.951,60.34,63.957
Brazil,570.51,597.009,637.674,640.115,698.418,777.425,852.913,905.479,939.886,1007.999,1002.131,1046.71,1065.567,1141.707,1228.298,1309.441,1362.871,1433.434,1454.471,1481.867,1581.938,1640.061,1716.479,1770.328,1922.557,2046.341,2193.06,2389.039,2558.893,2572.051,2798.926,2970.631,2998.535,3133.894,3187.155,3014.754,2939.094,3018.706,3145.949,3241.32,3153.142,3435.874,3782.763,3958.031,4118.101,4278.489,4445.641,4621.818
"Brunei Darussalam","no data","no data","no data","no data","no data",12.344,12.25,12.806,13.403,13.779,14.45,15.409,16.51,16.952,17.859,19.05,19.958,20.003,20.115,21.021,22.11,23.229,24.504,25.713,26.537,27.475,29.568,30.414,30.396,30.051,31.203,33.044,35.21,33.885,33.344,25.949,23.633,25.891,26.523,28.042,28.702,29.419,31.904,34.146,35.988,37.841,39.526,41.679
Bulgaria,47.172,54.372,60.156,64.387,69.78,73.282,78.719,84.458,89.534,92.58,87.305,80.55,75.444,68.253,67.156,67.467,63.176,55.194,57.931,53.814,57.558,61.105,65.702,70.507,77.113,85.144,93.742,102.621,110.985,108.042,111.027,115.715,119.29,120.943,127.263,132.052,143.072,152.4,160.23,169.682,164.192,178.16,198.349,211.516,224.7,235.399,246.597,258.508
"Burkina Faso",2.564,2.881,3.102,3.184,3.352,3.849,4.239,4.333,4.746,5.038,5.195,5.858,6.006,6.361,6.582,7.104,8.031,8.686,9.425,10.259,10.69,11.653,12.35,13.577,14.565,16.323,17.879,19.117,20.614,21.361,23.443,25.515,26.835,28.735,29.761,31.033,35.34,39.238,42.88,46.135,47.592,52.998,58.812,63.861,68.584,73.477,78.845,84.597
Burundi,1.283,1.576,1.655,1.784,1.851,2.135,2.249,2.431,2.643,2.784,2.988,3.268,3.376,3.24,3.183,2.992,2.803,2.863,3.033,3.112,3.239,3.367,3.5,3.657,3.897,4.195,4.558,4.843,5.176,5.408,5.753,6.109,6.386,7.069,7.649,8.551,8.358,8.375,8.714,9.033,9.172,9.852,10.898,11.743,12.574,13.465,14.377,15.324
"Cabo Verde",0.226,0.268,0.293,0.333,0.359,0.402,0.422,0.451,0.495,0.543,0.568,0.595,0.627,0.689,0.752,0.826,0.897,0.982,1.077,1.222,1.34,1.454,1.555,1.705,1.837,2.004,2.255,2.529,2.749,2.731,2.805,2.977,2.94,2.964,2.979,3.146,3.358,3.571,4.189,4.505,3.885,4.33,4.823,5.233,5.647,6.068,6.493,6.916
Cambodia,"no data","no data","no data","no data","no data","no data","no data",4.241,4.813,5.168,5.422,6.03,6.604,7.034,7.772,8.409,9.068,9.594,10.156,11.608,13.007,14.439,15.629,17.293,19.593,22.885,26.133,29.58,32.164,32.398,34.743,37.972,42.401,45.764,48.654,52.598,57.942,62.891,69.203,75.41,73.93,79.316,89.289,98.228,106.883,115.864,125.775,136.664
Cameroon,11.122,14.25,16.275,18.07,20.121,22.44,24.446,24.511,23.38,23.867,23.235,23.116,22.922,22.724,22.63,23.868,25.499,27.317,28.977,30.579,32.324,34.161,36.375,38.946,42.615,44.486,47.475,50.757,53.209,54.953,57.245,60.471,63.568,69.099,75.135,79.113,84.393,90.038,95.896,100.952,102.719,110.891,123.341,133.574,142.784,152.679,163.272,174.582
Canada,288.709,327.094,336.235,358.492,393.376,425.039,442.898,472.338,510.559,542.874,564.117,571.03,589.301,619.32,660.978,693.018,717.134,760.722,799.257,852.366,916.809,954.244,998.365,1036.411,1097.084,1167.744,1235.488,1295.165,1333.258,1302.543,1358.93,1430.807,1468.095,1554.123,1621.397,1594.899,1678.387,1776.855,1869.824,1939.047,1859.721,2024.955,2240.39,2353.876,2441.781,2544.93,2642.474,2739.435
"Central African Republic",1.006,1.243,1.273,1.243,1.416,1.515,1.657,1.698,1.788,1.928,2.028,2.079,2.022,2.045,2.351,2.477,2.367,2.506,2.619,2.733,2.695,2.827,2.932,2.922,2.998,3.182,3.436,3.672,3.84,3.973,4.207,4.475,4.889,3.285,3.216,3.536,3.862,4.195,4.46,4.674,4.776,5.023,5.46,5.824,6.171,6.523,6.9,7.292
Chad,1.858,1.814,2.029,2.439,2.66,2.96,3.2,3.399,3.784,4.009,4.293,4.9,5.131,5.144,5.542,5.615,5.838,6.275,6.787,6.835,6.929,7.911,8.716,10.196,13.991,15.629,16.216,17.199,18.066,18.934,21.767,22.246,22.192,20.808,23.012,25.683,24.494,24.028,25.182,26.508,26.249,27.036,29.927,32.062,33.852,35.682,37.661,39.737
Chile,38.125,44.324,40.668,41.076,45.064,47.404,51.064,55.771,61.945,71.201,76.578,85.318,96.978,105.922,113.665,126.349,137.046,149.696,157.759,159.462,171.215,180.583,189.253,202.094,221.334,241.655,264.198,285.387,301.943,300.413,321.785,348.951,374.257,392.742,402.907,405.3,411.484,435.733,463.755,476.102,452.604,526.639,575.516,590.335,614.584,640.644,668.423,698.608
"China, People's Republic of",302.76,348.305,403.112,464.138,553.986,648.661,718.609,822.54,946.918,1025.381,1105.115,1248.742,1459.551,1701.521,1964.285,2225.45,2491.03,2768.307,3019.394,3297.109,3657.469,4050.989,4489.109,5036.463,5694.74,6542.261,7601.315,8918.947,9961.922,10972.761,12282.959,13735.671,15137.455,16277.355,17200.686,17880.337,18701.703,19814.058,21656.955,23356.237,24168.026,27206.091,30074.38,32529.23,34705.699,36988.45,39427.338,42050.181
Colombia,78.513,87.898,94.215,99.445,106.487,113.267,122.277,132.029,142.24,152.864,165.375,175.024,186.805,202.152,217.098,233.181,242.333,254.967,259.306,251.905,265.147,275.67,286.976,304.107,328.924,355.205,390.76,428.362,450.911,458.974,485.367,529.875,553.768,591.785,625.019,630.4,672.094,700.091,735.197,772.199,726.423,837.39,964.743,1020.853,1071.333,1126.491,1186.336,1249.743
Comoros,0.322,0.372,0.411,0.44,0.475,0.504,0.525,0.55,0.598,0.617,0.687,0.666,0.732,0.768,0.753,0.812,0.823,0.874,0.884,0.921,0.932,1.005,1.068,1.111,1.176,1.282,1.298,1.343,1.423,1.479,1.553,1.651,1.818,1.955,2.063,2.107,2.278,2.468,2.619,2.712,2.736,2.913,3.214,3.441,3.649,3.877,4.124,4.387
"Congo, Dem. Rep. of the",20.274,22.402,23.678,24.952,27.105,28.092,30.01,31.574,32.839,33.697,32.662,30.914,28.311,25.079,24.041,25.223,25.188,23.613,22.954,22.392,21.036,21.058,22.017,23.704,25.98,28.439,30.876,33.696,36.48,37.762,40.932,44.655,46.214,53.768,62.685,69.036,75.927,86.267,93.465,99.313,102.254,113.067,128.535,142.054,155.095,169.213,184.271,199.589
"Congo, Republic of ",3.061,3.438,3.738,3.978,4.219,4.455,4.651,4.877,6.155,7.757,8.129,8.689,9.259,9.603,9.671,10.265,10.818,10.894,12.003,11.724,13.399,13.04,13.374,13.701,14.041,15.815,17.605,16.885,18.294,20.553,22.866,23.856,28.576,28.056,28.096,22.531,19.019,21.679,21.121,21.406,19.902,20.613,23.031,24.947,27.33,28.271,28.898,30.442
"Costa Rica",8.195,8.768,8.631,9.226,10.326,10.729,11.551,12.401,13.279,14.582,15.672,16.569,18.505,20.288,21.658,23.031,23.769,25.503,27.636,29.206,31.023,32.83,34.481,36.679,39.33,42.177,46.664,51.862,55.361,55.229,58.889,62.759,67.139,71.16,77.049,82.853,90.838,97.896,102.857,107.228,104.124,116.871,129.95,138.47,145.675,153.175,161.297,169.75
Croatia,"no data","no data","no data","no data","no data","no data","no data","no data","no data","no data","no data","no data",39.175,36.896,39.907,43.447,46.841,50.815,52.344,52.585,55.792,58.779,63.111,67.913,72.63,78.138,84.527,91.075,94.582,88.256,88.2,89.956,91.316,93.971,94.622,97.976,105.229,111.909,117.905,124.193,115.507,132.623,150.433,161.246,169.568,177.729,186.002,194.342
Cyprus,3.008,3.393,3.829,4.19,4.725,5.106,5.395,5.923,6.642,7.461,8.313,8.658,9.684,9.983,10.798,12.118,12.494,13.045,13.998,14.905,16.152,17.169,18.085,18.926,20.411,22.073,23.826,25.717,27.167,26.79,27.658,28.346,27.503,26.181,25.643,26.976,30.414,32.924,35.629,38.183,36.717,40.378,44.762,47.499,49.78,52.096,54.559,57.252
"Czech Republic","no data","no data","no data","no data","no data","no data","no data","no data","no data","no data","no data","no data","no data","no data","no data",146.309,155.73,157.594,158.8,163.266,173.645,182.961,188.729,199.351,214.557,235.894,259.628,281.498,294.603,282.683,293.046,304.401,307.49,324.03,342.1,357.6,381.382,412.903,436.38,457.645,437.672,471.758,514.732,541.058,573.714,604.034,632.853,661.231
"CÃ´te d'Ivoire",20.664,23.41,24.906,25.234,25.622,27.384,29.276,29.85,31.255,33.439,34.312,35.487,36.205,36.996,37.851,40.798,44.925,48.315,51.268,52.831,52.91,54.168,54.095,54.413,56.561,59.339,62.097,64.901,67.828,70.482,72.768,70.672,78.215,86.354,97.907,108.069,112.61,118.051,129.2,139.706,144.148,160.648,181.533,200.127,217.812,236.059,255.226,275.775
Denmark,60.799,66.113,72.78,77.592,83.746,89.854,96.155,98.783,102.259,106.951,112.587,118.021,123.075,126.002,135.551,142.585,149.414,156.945,162.224,169.36,179.69,185.25,189.016,193.495,203.99,215.313,230.64,239.023,242.362,231.95,239.122,247.352,250.525,262.368,270.331,278.823,297.689,320.054,334.223,345.279,342.473,374.031,411.039,428.238,445.531,461.98,479.249,497.316
Djibouti,"no data","no data","no data","no data","no data","no data","no data","no data","no data","no data","no data",1.653,1.7,1.623,1.635,1.611,1.579,1.587,1.607,1.677,1.727,1.798,1.885,1.983,2.093,2.226,2.405,2.594,2.798,2.861,3.016,3.303,3.436,3.625,3.855,4.171,4.362,4.631,4.968,5.337,5.466,5.967,6.619,7.198,7.79,8.408,9.082,9.814
Dominica,0.124,0.151,0.167,0.178,0.192,0.201,0.219,0.239,0.267,0.277,0.302,0.317,0.331,0.346,0.353,0.372,0.39,0.406,0.426,0.433,0.453,0.463,0.457,0.496,0.525,0.545,0.588,0.642,0.701,0.697,0.71,0.723,0.706,0.721,0.776,0.793,0.852,0.81,0.859,0.923,0.779,0.85,0.966,1.049,1.121,1.188,1.241,1.297
"Dominican Republic",13.73,15.672,16.923,18.4,19.303,19.49,20.583,23.226,24.563,26.65,26.139,27.279,31.031,34.106,35.74,38.564,41.618,46.097,49.746,53.443,57.202,59.929,63.599,63.982,67.388,76.054,85.593,94.426,99.325,100.907,110.637,116.474,118.183,125.424,136.976,151.56,167.506,175.941,192.722,206.081,194.548,227.48,256.446,277.513,297.502,318.183,340.453,364.393
Ecuador,26.044,29.62,31.828,32.148,34.707,37.38,39.312,37.879,43.327,45.154,48.253,52.435,55.568,58.023,61.786,64.503,66.821,70.915,74.056,71.54,73.96,78.663,83.162,87.112,96.795,105.113,113.128,118.73,128.699,130.258,136.471,150.267,159.56,175.196,186.847,179.31,181.967,195.011,202.244,205.887,192.141,208.601,229.815,244.369,256.44,268.511,281.276,294.739
Egypt,88.533,99.039,112.832,127.657,142.874,158.336,169.211,180.805,194.656,208.343,221.218,233.503,239.541,252.329,268.511,286.433,305.909,329.603,358.454,385.714,415.688,440.032,461.126,485.244,518.659,558.844,615.515,676.955,739.31,778.822,828.753,860.9,958.66,992.022,998.062,1091.839,1098.587,1119.166,1203.031,1291.896,1353.031,1455.503,1661.955,1796.625,1929.276,2074.928,2236.705,2413.387
"El Salvador",10.107,10.43,10.376,10.948,11.494,11.931,12.194,12.81,13.511,14.176,15.417,16.176,17.706,19.18,20.509,21.93,22.514,23.62,24.52,25.403,26.271,27.099,27.956,28.953,29.995,31.774,34.176,35.753,37.214,36.672,37.895,40.156,40.804,43.093,45.534,48.056,51.095,54.006,56.63,59.046,54.873,63.022,69.285,73.008,75.692,78.486,81.552,84.764
"Equatorial Guinea",0.089,0.104,0.112,0.123,0.128,0.15,0.149,0.159,0.169,0.174,0.185,0.189,0.257,0.291,0.347,0.448,0.696,1.756,2.217,2.841,6.117,10.009,12.159,14.192,19.002,21.207,23.282,27.565,33.095,33.754,31.111,33.83,38.743,37.423,37.816,28.095,24.861,28.459,27.322,26.286,25.475,25.688,29.117,29.211,26.158,25.964,25.21,25.419
Eritrea,"no data","no data","no data","no data","no data","no data","no data","no data","no data","no data","no data","no data",1.694,1.957,2.417,2.525,2.807,3.081,3.177,3.227,2.893,3.217,3.365,3.34,3.48,3.681,3.758,3.915,3.214,3.629,4.071,5.224,5.425,4.943,6.594,5.312,5.744,5.247,6.073,6.419,6.461,6.925,7.611,8.107,8.514,8.923,9.357,9.818
Estonia,"no data","no data","no data","no data","no data","no data","no data","no data","no data","no data","no data","no data","no data",11.205,11.257,11.74,12.546,14.428,15.224,15.373,17.307,18.759,20.342,22.32,24.478,27.651,31.288,34.569,33.423,28.717,29.772,32.598,34.385,36.198,38.05,38.389,41.197,44.663,47.461,50.117,50.441,56.747,61.389,64.721,68.59,72.38,76.192,80.229
Eswatini,1.01,1.182,1.273,1.316,1.397,1.469,1.777,2.003,2.231,2.536,2.89,3.041,3.211,3.389,3.544,3.793,4.011,4.207,4.365,4.557,4.742,4.9,5.195,5.503,5.855,6.401,6.994,7.501,7.708,7.879,8.276,8.638,8.922,9.465,9.634,9.73,9.698,9.457,9.913,10.363,10.324,11.601,12.725,13.414,13.985,14.566,15.192,15.849
Ethiopia,10.496,11.489,12.316,13.803,13.971,12.768,14.287,16.672,17.359,17.957,19.113,18.334,17.081,19.823,20.952,22.701,26.245,27.455,26.602,28.675,32.21,35.373,36.499,36.437,41.793,48.535,55.786,64.054,72.594,80.366,89.953,102.289,112.533,122.434,148.487,167.119,194.652,215.094,237.196,263.259,282.569,312.75,347.847,379.298,411.264,447.346,487.681,531.87
Fiji,1.709,1.983,2.082,2.073,2.364,2.347,2.552,2.427,2.6,3.077,3.377,3.397,3.687,3.872,4.157,4.354,4.647,4.613,4.726,5.209,5.237,5.457,5.719,5.878,6.362,6.476,6.803,6.924,7.127,7.073,7.372,7.729,8.283,8.942,9.832,10.782,11.02,11.784,12.525,12.675,10.647,10.523,12.685,14.037,15.142,16.248,17.277,18.237
Finland,45.54,50.493,55.268,59.226,63.335,67.649,70.892,75.231,81.943,89.488,93.033,90.518,89.531,91.046,96.676,102.866,108.591,117.46,125.264,132.593,143.425,150.483,155.438,161.682,172.649,183.014,196.259,212.244,218.01,201.691,210.619,220.471,221.286,225.68,228.059,232.93,246.904,262.075,271.394,279.631,276.699,296.908,324.829,337.973,348.897,360.047,371.874,384.272
France,578.204,639.677,695.86,732.157,770.565,808.613,843.679,886.827,960.228,1043.051,1113.44,1163.622,1207.932,1228.148,1284.009,1340.605,1383.646,1440.393,1509.051,1580.662,1683.002,1754.22,1802.482,1853.548,1951.918,2048.028,2166.966,2278.504,2325.841,2275.521,2344.81,2446.475,2474.005,2608.524,2662.033,2719.224,2863.816,2997.297,3124.833,3240.648,3020.537,3358.913,3688.323,3844.868,3986.72,4134.45,4282.885,4428.609
Gabon,6.63,6.967,7.701,8.163,8.872,9.683,9.671,8.384,8.983,10.776,11.755,12.896,12.783,13.602,14.409,15.443,16.295,17.528,18.341,16.936,16.994,17.75,18.061,18.73,19.448,19.901,20.123,21.976,22.785,22.409,24.1,26.345,26.868,27.464,28.956,28.63,28.685,30.987,31.995,33.842,33.612,35.528,39.093,41.994,44.475,47.006,49.71,52.601
"Gambia, The",0.724,0.717,0.919,1.085,1.038,1.11,1.159,1.221,1.286,1.394,1.528,1.614,1.68,1.786,1.762,1.859,1.948,2.009,2.164,2.335,2.52,2.725,2.678,2.918,3.208,3.23,3.312,3.505,3.795,4.074,4.367,4.095,4.191,4.166,4.103,4.311,4.446,4.589,5.038,5.447,5.546,6.022,6.776,7.437,8.084,8.715,9.325,9.982
Georgia,"no data","no data","no data","no data","no data","no data","no data","no data","no data","no data","no data","no data",12.728,9.212,8.43,8.831,9.937,11.171,11.648,12.151,12.655,13.562,14.527,16.452,17.872,20.2,22.785,26.345,27.499,26.665,28.656,31.405,36.64,39.451,43.054,45.036,47.93,50.663,54.385,58.116,54.84,63.036,73.579,79.245,85.115,91.206,97.775,104.85
Germany,855.295,937.245,987.315,1041.928,1110.043,1170.245,1222.667,1271.318,1365.314,1474.374,1617.093,1755.564,1830.039,1855.111,1940.192,2011.395,2064.932,2138.041,2205.789,2279.076,2398.385,2493.79,2527.57,2559.339,2659.156,2762.46,2956.298,3126.729,3217.262,3053.452,3219.486,3415.02,3487.234,3628.559,3807.115,3890.125,4164.749,4411.728,4561.554,4692.096,4573.307,4888.363,5316.933,5490.198,5689.646,5920.563,6142.971,6346.018
Ghana,12.858,13.546,13.189,12.853,14.566,15.993,17.324,18.935,20.871,22.674,24.368,26.395,28.205,30.251,31.981,34.034,36.308,39.075,41.495,43.985,46.599,49.473,52.564,56.342,60.981,66.811,72.879,77.899,86.545,92.049,100.392,116.773,133.278,140.883,151.592,144.984,142.203,148.983,161.999,175.629,178.659,196.05,217.525,231.67,245.837,263.898,282.892,307.899
Greece,84.196,90.728,95.245,97.908,103.477,109.431,112.21,112.39,121.342,130.891,135.79,144.737,149.067,150.16,156.434,163.068,170.807,181.543,190.737,199.368,211.877,225.601,238.105,256.874,277.119,287.522,313.147,332.139,337.373,324.933,310.823,285.079,275.144,284.948,290.011,289.649,296.436,307.089,319.671,331.258,305.013,344.17,387.801,408.893,426.554,442.342,458.013,473.2
Grenada,0.192,0.213,0.236,0.253,0.272,0.298,0.326,0.365,0.389,0.419,0.453,0.475,0.482,0.484,0.503,0.525,0.558,0.596,0.673,0.731,0.785,0.786,0.826,0.922,0.941,1.099,1.088,1.185,1.22,1.146,1.154,1.187,1.2,1.286,1.42,1.551,1.657,1.798,1.921,1.969,1.719,1.89,2.098,2.251,2.389,2.518,2.647,2.775
Guatemala,19.183,21.133,21.644,21.923,22.83,23.411,23.906,25.374,27.291,29.48,31.531,33.576,35.92,38.022,40.193,42.842,44.848,47.491,50.235,52.828,55.375,57.981,61.385,64.234,67.917,72.193,78.57,85.574,90.41,91.564,95.265,101.567,107.165,112.026,118.754,127.566,130.131,133.883,141.751,150.062,149.191,167.792,185.849,198.629,210.584,222.306,234.557,247.464
Guinea,2.74,3.018,3.262,3.434,3.608,3.908,4.111,4.351,4.789,5.176,5.602,5.936,6.27,6.742,7.162,7.654,8.142,8.712,9.131,9.612,10.076,10.68,11.407,11.777,12.376,13.147,13.891,15.196,16.128,15.982,16.857,18.173,18.497,19.731,20.122,20.799,24.4,29.177,31.773,34.158,36.271,39.195,43.922,47.811,51.518,55.168,59.043,63.308
Guinea-Bissau,0.439,0.478,0.529,0.531,0.581,0.625,0.631,0.683,0.721,0.771,0.836,0.928,0.978,1.024,1.077,1.144,1.209,1.303,1.022,1.211,1.252,1.341,1.412,1.436,1.492,1.639,1.735,1.827,1.947,2.007,2.145,2.367,2.307,2.386,2.51,3.05,3.288,3.832,4.071,4.33,4.448,4.865,5.406,5.851,6.272,6.708,7.177,7.682
Guyana,1.885,2.075,2.008,1.847,1.954,2.023,2.059,2.107,2.051,2.026,2.039,2.235,2.463,2.728,3.023,3.242,3.564,3.85,3.827,3.997,4.032,4.216,4.331,4.388,4.576,4.628,5.015,5.513,5.729,5.957,6.292,6.772,7.916,8.37,8.36,8.594,8.714,9.307,9.952,10.673,15.498,19.979,33.761,43.782,54.192,70.789,90.538,95.354
Haiti,10.024,11.088,11.444,11.714,12.161,12.641,12.93,13.193,13.735,14.112,14.575,15.259,15.255,14.848,13.405,15.04,15.95,16.664,17.219,17.935,18.501,18.853,19.348,20.417,20.689,21.993,23.073,24.812,25.96,27.665,26.415,28.339,28.318,30.706,31.283,31.002,33.431,34.631,36.049,36.076,35.29,36.096,38.198,39.757,41.2,42.595,44.057,45.583
Honduras,5.098,5.512,5.731,6.01,6.62,7.214,7.752,8.471,8.923,9.525,10.158,10.153,11.015,12.008,12.291,13.325,13.823,14.708,15.407,15.51,17.017,17.875,18.835,20.08,21.904,23.958,26.319,28.703,30.491,29.94,31.431,33.314,34.844,36.446,39.876,43.955,47.719,52.444,55.762,58.265,53.681,62.919,69.684,74.722,79.066,83.548,88.493,93.76
"Hong Kong SAR",36.082,43.126,47.112,51.902,59.154,61.46,69.66,80.945,90.932,96.649,104.107,113.765,123.612,134.389,145.545,152.124,161.506,172.669,164.341,170.834,188.093,193.409,199.678,209.842,234.221,259.414,286.225,312.964,325.753,319.779,345.525,369.685,373.483,385.448,396.044,411.294,419.838,442.425,465.891,466.266,441,488.461,518.743,558.42,587.051,615.235,644.867,675.757
Hungary,67.745,76.28,83.295,87.182,92.73,95.42,98.835,105.383,109.028,114.138,114.269,104.085,103.195,105.032,110.437,115.618,117.832,123.631,129.899,135.774,145.07,154.382,164.221,174.303,187.614,201.708,216.314,222.698,229.371,215.375,220.41,229.348,230.214,242.367,253.001,263.642,274.251,292.352,315.379,335.64,324.524,361.996,409.834,432.076,453.494,475.595,499.431,525.132
Iceland,2.48,2.83,3.07,3.122,3.368,3.589,3.891,4.327,4.476,4.664,4.895,5.049,4.99,5.175,5.476,5.598,5.961,6.413,6.963,7.345,7.886,8.387,8.566,8.922,9.876,10.81,11.847,13.196,13.747,12.774,12.562,13.059,13.472,14.378,15.059,16.281,17.938,19.267,20.692,21.571,20.337,22.115,24.888,26.526,27.778,28.97,30.178,31.438
India,371.871,431.502,474.089,528.563,568.564,617.36,659.873,703.008,797.869,878.47,961.777,1004.812,1084.054,1162.464,1266.355,1390.841,1523.236,1612.25,1731.227,1904.198,2024.745,2172.728,2292.813,2523.801,2794.959,3150.25,3548.305,4001.378,4236.785,4625.515,5161.394,5618.382,6153.153,6477.517,6781.022,7159.796,7735.002,8276.933,9021.596,9526.243,9005.107,10193.541,11665.486,12813.104,13972.852,15196.794,16497.407,17854.735
Indonesia,189.71,223.449,242.586,262.655,292.747,313.799,343.129,374.724,415.013,470.468,532.011,599.111,652.732,721.363,792.324,875.433,961.158,1023.683,899.317,919.204,986.83,1045.827,1109.917,1185.929,1279.028,1394.231,1516.315,1656.103,1813.468,1910.902,2057.206,2229.512,2413.435,2535.041,2622.252,2647.707,2744.897,2894.126,3116.589,3331.572,3302.094,3566.259,4023.501,4373.897,4706.124,5049.435,5413.478,5800.586
Iran,225.953,233.24,305.036,352.124,338.784,356.024,327.654,335.181,325.895,359.443,423.589,493.601,521.5,526.006,528.118,552.138,597.954,616.478,636.384,658.276,712.541,746.023,818.86,907.162,971.91,1034.363,1119.592,1243.627,1270.655,1291.681,1382.998,1449.084,1295.741,1250.61,1255.791,1131.04,1221.423,1281.375,1287.871,1270.657,1328.796,1449.334,1599.249,1690.121,1760.907,1830.365,1903.381,1979.933
Iraq,"no data","no data","no data","no data","no data","no data","no data","no data","no data","no data","no data","no data","no data","no data","no data","no data","no data","no data",79.244,100.251,98.072,93.694,87.735,162.639,256.161,268.62,292.521,306.1,337.64,351.286,378.271,415.269,483.559,515.106,490.962,369.519,347.125,405.43,434.638,468.122,399.376,447.904,524.21,564.362,590.493,614,640.045,669.746
Ireland,25.325,28.418,30.625,31.592,33.781,35.528,36.397,38.655,41.218,45.239,50.551,53.118,56.273,58.94,63.747,71.327,79.237,89.266,98.184,110.053,123.129,132.584,142.593,149.79,164.252,179.126,193.863,209.676,204.113,194.954,200.618,206.493,213.365,221.216,238.187,324.875,340.152,376.392,418.247,448.894,482.398,570.717,666.309,717.651,762.087,799.775,839.545,881.552
Israel,28.378,32.53,35.032,37.345,39.548,42.615,45.016,49.585,53.163,56.032,61.984,67.04,73.473,78.051,85.307,95.504,103.02,108.768,114.519,120.003,133.364,136.825,138.797,143.51,154.414,165.839,180.5,196.563,206.846,210.01,224.581,241.996,255.689,279.99,285.416,300.531,326.611,344.326,366.902,388.987,386.364,437.075,496.841,530.045,557.377,585.052,615.643,649.514
Italy,614.396,676.266,719.171,754.246,805.012,852.233,892.952,943.103,1015.697,1089.857,1153.057,1209.208,1245.704,1264.579,1318.382,1382.137,1425.274,1476.385,1520.035,1566.513,1662.671,1733.306,1764.791,1802.118,1876.837,1951.525,2047.764,2134.379,2154.382,2053.689,2113.984,2173.17,2172.384,2187.375,2200.256,2241.524,2420.426,2529.502,2613.906,2673.977,2461.948,2734.614,3022.162,3124.433,3232.628,3328.573,3428.04,3520.291
Jamaica,6.149,7.028,7.692,8.325,8.708,8.902,9.717,10.724,10.659,11.598,12.618,13.154,13.827,14.468,15.054,15.757,16.083,16.092,16.077,16.463,16.967,17.571,17.965,18.992,19.76,20.561,21.81,22.723,22.97,22.328,22.272,23.059,23.269,24.136,24.568,25.418,26.72,28.04,29.235,30.047,27.353,29.802,32.818,35.013,36.569,37.925,39.299,40.701
Japan,1068.091,1218.353,1336.487,1437.751,1556.708,1689.973,1781.351,1911.765,2113.466,2303.045,2506.131,2679.432,2763.735,2814.583,2899.875,3038.574,3191.182,3278.059,3272.846,3307.878,3476.344,3568.39,3625.525,3753.838,3938.87,4135.674,4321.794,4504.455,4534.63,4303.871,4534.092,4629.401,4799.614,5021.591,5034.456,5200.905,5159.726,5248.419,5408.363,5485.439,5295.134,5606.553,6109.961,6429.734,6652.665,6839.469,7002.459,7167.53
Jordan,8.355,10.547,11.785,12.276,13.43,13.691,14.731,15.507,16.388,15.098,15.83,16.764,19.423,20.507,22.002,23.91,24.51,25.998,27.151,28.311,30.188,32.365,35.171,37.269,41.376,46.265,51.927,57.595,62.776,66.352,68.704,72.051,74.34,79.417,81.884,87.705,90.249,97.892,102.169,106.03,105.643,112.463,123.351,131.195,137.967,145.168,152.814,160.911
Kazakhstan,"no data","no data","no data","no data","no data","no data","no data","no data","no data","no data","no data","no data",120.227,111.753,99.782,93.52,95.709,99.014,98.226,102.3,114.87,133.314,148.659,165.692,186.471,210.977,240.758,269.272,283.493,288.732,313.53,344.049,369.966,417.452,427.478,407.416,423.833,448.473,478.011,508.459,501.205,543.437,596.666,645.027,688.271,725.173,758.904,794.646
Kenya,17.552,20.001,22.31,23.553,24.793,26.619,29.051,31.499,34.596,37.59,40.609,42.544,43.044,44.022,46.101,49.085,52.223,53.342,55.551,57.573,59.081,62.816,64.102,67.295,72.304,78.796,85.983,94.356,96.389,100.215,109.592,117.598,125.523,141.004,156.802,176.338,192.816,211.109,228.409,244.386,246.712,276.281,311.753,339.172,365.307,392.746,422.304,454.22
Kiribati,0.053,0.058,0.063,0.063,0.067,0.066,0.068,0.07,0.079,0.08,0.082,0.084,0.087,0.09,0.094,0.096,0.099,0.102,0.111,0.11,0.12,0.12,0.127,0.132,0.134,0.145,0.149,0.156,0.156,0.158,0.158,0.164,0.176,0.187,0.188,0.209,0.21,0.213,0.23,0.233,0.234,0.247,0.268,0.284,0.298,0.31,0.323,0.336
"Korea, Republic of",82.705,97.089,111.684,131.582,150.716,167.67,190.42,219.958,255.012,283.756,323.453,370.433,402.36,440.224,491.301,549.83,604.078,652.411,625.913,707.517,789.105,846.037,925.599,973.574,1051.667,1131.379,1227.687,1333.989,1400.534,1420.683,1535.597,1625.275,1684.563,1726.903,1792.6,1933.849,2026.536,2105.893,2218.889,2309.265,2320.514,2517.129,2765.834,2922.913,3065.407,3203.479,3345.831,3490.366
Kosovo,"no data","no data","no data","no data","no data","no data","no data","no data","no data","no data","no data","no data","no data","no data","no data","no data","no data","no data","no data","no data",7.369,7.878,7.965,8.33,8.605,9.275,9.905,11.022,11.437,12.09,12.84,13.935,14.528,15.242,15.679,16.732,17.789,18.691,19.79,21.102,20.216,23.056,25.362,27.185,28.838,30.519,32.22,33.993
Kuwait,46.029,40.85,39.252,42.932,46.812,46.236,51.207,56.746,52.844,69.137,52.912,32.269,60.336,83.465,92.593,96.112,98.457,102.652,107.6,107.165,114.734,117.564,122.995,147.167,167.381,190.024,210.619,229.271,239.462,223.944,221.263,247.607,276.884,275.264,258.671,181.157,176.815,206.276,216.351,219.006,202.018,213.164,248.113,263.577,276.238,288.781,302.075,316.095
"Kyrgyz Republic","no data","no data","no data","no data","no data","no data","no data","no data","no data","no data","no data","no data",9.142,8.142,6.668,6.439,7.021,7.851,8.107,8.522,9.19,9.897,10.049,10.968,12.054,12.41,13.19,14.704,16.12,16.691,16.812,18.184,20.288,23.124,24.987,25.107,28.459,31.28,33.136,35.28,32.629,35.256,39.214,41.916,44.336,46.919,49.716,52.685
"Lao P.D.R.",1.734,2.19,2.435,2.606,2.874,3.235,3.459,3.511,3.558,4.064,4.498,4.836,5.292,5.735,6.336,6.925,7.537,8.197,8.644,9.119,9.925,10.633,11.534,12.488,13.745,15.16,17.027,18.86,20.725,22.396,24.482,26.987,31.202,34.6,39,41.583,46.85,50.445,54.899,58.48,58.928,62.642,68.573,73.22,77.558,82.119,87.155,92.661
Latvia,"no data","no data","no data","no data","no data","no data","no data","no data","no data","no data","no data","no data",16.051,14.558,15.196,15.191,15.87,17.57,18.894,19.688,21.277,23.133,25.159,27.816,30.928,35.316,40.762,46.026,45.387,39.17,37.868,39.646,43.312,45.564,47.483,49.398,52.357,55.718,59.325,61.886,60.271,65.589,72.033,75.799,80.011,84.236,88.731,93.503
Lebanon,16.426,18.079,12.134,15.473,23.162,29.701,28.247,33.788,25.112,15.085,13.549,19.358,20.689,22.662,25.005,27.187,28.803,32.285,33.921,34.124,35.281,37.483,39.362,40.821,45.06,46.799,48.99,54.999,61.137,67.825,74.114,76.31,82.029,88.503,94.025,98.413,103.819,108.794,109.293,103.555,77.651,"no data","no data","no data","no data","no data","no data","no data"
Lesotho,0.621,0.701,0.785,0.84,0.908,0.968,1.028,1.076,1.2,1.316,1.436,1.555,1.69,1.796,1.917,2.012,2.15,2.263,2.32,2.39,2.564,2.708,2.794,2.965,3.117,3.315,3.568,3.848,4.069,4.11,4.372,4.688,4.795,5.407,5.926,6.402,6.225,5.563,5.68,5.781,5.5,5.846,6.395,6.728,7.016,7.322,7.511,7.662
Liberia,"no data","no data","no data","no data","no data","no data","no data","no data","no data","no data","no data","no data","no data","no data","no data","no data","no data","no data","no data","no data",2.59,2.721,2.886,2.09,2.232,2.437,2.725,3.165,3.423,3.624,3.9,4.288,4.773,5.647,5.922,5.624,6.283,7.204,7.467,7.41,7.276,7.959,8.841,9.544,10.237,11.015,11.865,12.818
Libya,97.849,85.642,92.314,91.411,86.843,90.133,81.51,71.246,79.348,88.397,95.116,116.348,113.59,109.924,115.886,100.058,103.683,102.692,103.146,104.401,111.082,116.568,113.973,134.986,146.711,167.38,173.025,188.772,192.08,184.805,196.428,99.576,172.534,144.459,126.892,137.239,137.403,154.436,170.682,154.285,110.119,147.144,128.389,156.742,172.809,188.762,200.519,212.775
Lithuania,"no data","no data","no data","no data","no data","no data","no data","no data","no data","no data","no data","no data","no data","no data","no data",24.879,26.662,29.376,31.927,32.007,33.942,36.972,40.083,45.193,49.455,54.95,60.845,69.43,72.612,62.233,64.021,69.298,73.809,79.034,82.647,83.784,88.692,95.675,101.873,108.438,109.599,119.865,130.67,136.833,143.599,150.019,156.64,163.378
Luxembourg,5.796,6.395,6.861,7.264,7.882,8.586,9.634,10.262,11.523,13.148,14.366,16.136,16.804,17.925,19.007,19.684,20.348,21.928,23.614,25.963,28.793,30.347,31.814,33.291,35.631,37.661,41.159,45.694,46.43,45.214,47.478,48.971,51.309,54.839,58.578,61.454,65.973,68.884,71.944,75.635,75.187,83.704,91.107,95.41,99.889,104.259,108.912,113.794
"Macao SAR","no data","no data","no data","no data","no data","no data","no data","no data","no data","no data","no data","no data","no data","no data","no data","no data","no data","no data","no data","no data","no data",15.714,17.381,19.788,25.73,28.68,33.524,39.414,41.532,42.331,53.602,66.543,75.588,88.663,90.217,70.023,70.409,78.535,85.609,84.952,39.539,48.591,40.369,65.491,86.978,98.949,106.637,112.289
Madagascar,8.867,8.755,9.119,9.562,10.081,10.52,10.942,11.345,12.145,13.135,14.053,13.612,14.087,14.724,15.032,15.605,16.233,17.123,17.994,19.105,20.408,22.116,19.674,22.025,23.805,25.719,27.944,30.338,32.996,31.886,32.469,33.667,34.211,35.257,36.702,37.486,39.997,40.515,42.807,45.495,42.756,46.447,51.849,56.479,60.647,64.906,69.45,74.333
Malawi,3.298,3.421,3.723,4.012,4.38,4.725,4.81,5.009,5.35,5.635,6.179,6.945,6.583,7.392,6.771,7.869,8.813,9.555,9.765,10.254,10.567,10.365,10.712,11.546,12.499,13.312,14.368,16.173,17.743,19.343,20.922,22.393,22.415,24.722,24.747,24.133,25.1,26.013,27.804,29.844,30.479,32.444,35.078,37.239,39.233,41.504,44.153,47.045
Malaysia,46.347,54.253,61.028,67.382,75.233,76.932,79.385,85.732,97.576,110.589,125.061,141.635,157.735,177.453,197.938,221.953,248.624,271.442,254.298,273.692,304.161,312.623,334.612,360.969,395.799,428.524,466.415,509.194,544.035,539.233,586.796,630.696,677.647,701.7,745.387,750.777,783.874,829.297,890.231,946.147,904.554,971.274,1096.507,1185.312,1269.685,1350.453,1437.194,1522.718
Maldives,0.243,0.287,0.327,0.355,0.432,0.507,0.561,0.626,0.705,0.801,0.797,0.881,0.959,1.035,1.137,1.246,1.384,1.554,1.726,1.877,2.011,2.127,2.292,2.931,3.191,2.859,3.717,4.111,4.588,4.283,4.65,5.153,5.438,6.14,6.957,7.628,8.279,8.964,9.924,10.796,7.266,10.365,12.071,13.264,14.425,15.516,16.685,17.953
Mali,3.84,4.012,3.768,4.042,4.289,4.568,4.944,5.192,5.378,6.187,7.016,7.81,7.863,8.336,8.838,9.294,10.153,10.823,11.265,12.138,12.405,14.635,15.325,17.052,17.783,19.539,21.081,22.408,23.927,25.208,26.892,28.34,28.185,29.823,32.435,35.447,39.327,41.593,44.608,47.569,47.544,51.033,56.051,61.125,65.69,70.257,75.174,80.46
Malta,1.845,2.074,2.205,2.351,2.455,2.593,2.746,2.974,3.289,3.661,3.974,4.351,4.81,5.118,5.468,5.966,6.318,6.739,7.046,7.416,7.508,7.587,7.903,8.388,8.625,9.196,9.718,10.457,11.066,11.01,11.76,12.061,12.703,13.757,14.924,16.674,18.079,20.66,22.458,24.213,22.465,25.808,29.367,31.421,33.244,35.079,37.013,39.027
"Marshall Islands","no data","no data","no data","no data","no data","no data","no data","no data","no data","no data","no data","no data","no data","no data","no data","no data","no data",0.103,0.104,0.104,0.108,0.118,0.124,0.125,0.128,0.135,0.139,0.147,0.14,0.145,0.157,0.159,0.158,0.167,0.169,0.173,0.177,0.187,0.197,0.214,0.213,0.226,0.245,0.262,0.273,0.283,0.293,0.303
Mauritania,"no data","no data","no data","no data","no data","no data","no data","no data","no data","no data",5.71,5.903,6.144,6.659,6.593,7.393,7.966,7.776,8.081,8.496,8.348,8.468,8.719,9.507,10.224,11.448,13.965,14.06,14.282,14.388,14.942,15.889,16.42,18.036,16.883,16.995,19.569,21.878,23.469,25.186,25.251,26.943,30.013,32.573,35.958,38.878,41.839,44.676
Mauritius,1.928,2.235,2.503,2.611,2.834,3.125,3.499,3.95,4.367,4.74,5.271,5.691,6.2,6.67,7.094,7.553,8.121,8.731,9.365,9.745,10.782,11.38,11.745,12.694,13.595,14.225,15.326,16.641,17.874,18.585,19.632,20.857,21.304,22.487,23.312,24.28,26.155,27.082,28.771,30.168,25.983,28.157,32.013,34.944,37.181,39.16,41.206,43.373
Mexico,404.343,480.331,507.355,508.842,545.189,574.732,568.252,592.337,621.094,671.949,733.175,789.918,836.529,879.797,942.99,902.193,980.94,1066.175,1133.852,1181.49,1267.975,1291.299,1310.902,1356.11,1447.108,1526.933,1644.803,1727.961,1781.237,1697.898,1806.252,1911.319,2012.768,2064.491,2173.228,2230.644,2383.39,2472.586,2587.222,2628.264,2445.617,2669.061,2919.875,3058.686,3178.533,3306.899,3440.952,3580.708
"Micronesia, Fed. States of","no data","no data","no data","no data","no data","no data","no data","no data","no data","no data","no data","no data","no data","no data","no data",0.217,0.215,0.205,0.213,0.219,0.235,0.246,0.251,0.26,0.259,0.272,0.28,0.282,0.281,0.286,0.296,0.312,0.312,0.306,0.304,0.321,0.327,0.343,0.352,0.362,0.36,0.363,0.386,0.411,0.432,0.445,0.457,0.469
Moldova,"no data","no data","no data","no data","no data","no data","no data","no data","no data","no data","no data","no data",13.089,13.238,9.343,9.403,9.01,9.312,8.805,8.625,9.006,9.771,10.697,11.628,12.824,14.218,15.36,16.248,17.851,16.888,18.304,19.772,21.055,23.961,25.218,26.233,29.732,31.586,33.666,35.502,32.948,39.102,41.882,44.372,47.923,51.444,55.048,58.919
Mongolia,2.955,3.505,4.032,4.433,4.864,5.303,5.92,6.281,6.837,7.402,7.489,7.03,6.524,6.467,6.746,7.327,7.628,8.062,8.425,8.806,9.109,9.746,10.419,11.407,12.817,14.079,15.698,17.534,19.267,18.99,20.623,24.692,28.89,30.402,32.507,31.928,32.818,35.392,39.044,41.969,40.539,42.915,47.115,51.233,55.97,60.431,64.968,69.537
Montenegro,"no data","no data","no data","no data","no data","no data","no data","no data","no data","no data","no data","no data","no data","no data","no data","no data","no data","no data","no data","no data",5.002,5.171,5.351,5.594,5.996,6.444,7.214,7.913,8.646,8.196,8.519,8.974,8.604,9.237,9.558,10.164,11.324,12.263,13.194,13.976,11.979,14.104,16.195,17.191,18.078,18.967,19.908,20.902
Morocco,31.373,33.392,38.865,40.162,43.417,47.622,52.613,52.543,60.061,63.892,68.958,76.434,76.536,77.77,87.841,84.835,97.078,97.21,105.42,108.062,112.624,123.591,129.435,139.858,150.501,160.33,177.797,189.051,204.089,214.114,224.956,241.675,244.714,256.127,248.262,269.769,273.971,285.55,301.335,315.593,296.441,333.242,359.671,384.091,403.75,423.705,445.738,469.608
Mozambique,2.436,2.8,2.768,2.424,2.349,2.447,2.439,2.867,3.211,3.554,3.724,4.102,3.938,4.459,4.852,5.066,5.736,6.495,7.22,8.178,8.462,9.699,10.765,11.733,13.001,14.3,16.17,17.891,19.569,20.938,22.568,24.745,25.746,27.733,29.941,34.918,37.951,36.776,38.951,40.565,40.562,43.231,48.04,52.214,57.7,61.771,71.683,82.742
Myanmar,"no data","no data","no data","no data","no data","no data","no data","no data","no data","no data","no data","no data","no data","no data","no data","no data","no data","no data",35.372,38.895,44.715,51.423,57.409,66.268,78.47,91.911,107.354,124.038,135.972,142.844,152.146,163.804,184.501,198.338,209.644,216.278,213.835,225.517,245.693,266.971,278.806,238.301,260.274,278.456,293.835,308.988,325.225,343.46
Namibia,"no data","no data","no data","no data","no data","no data","no data","no data","no data","no data",5.485,5.973,6.676,6.723,7.073,7.519,7.901,8.376,8.749,9.171,9.707,10.163,11.011,11.619,12.722,13.734,14.717,15.665,16.389,16.543,17.753,19.044,20.502,21.744,23.796,24.615,24.588,24.438,25.287,25.523,23.755,25.399,28.021,29.953,31.383,32.772,34.241,35.771
Nauru,"no data","no data","no data","no data","no data","no data","no data","no data","no data","no data","no data","no data","no data","no data","no data","no data","no data","no data","no data","no data","no data","no data","no data","no data",0.035,0.036,0.04,0.032,0.04,0.043,0.049,0.055,0.062,0.083,0.107,0.112,0.116,0.112,0.121,0.125,0.127,0.134,0.145,0.154,0.161,0.167,0.173,0.18
Nepal,6.709,7.957,8.768,8.84,10.045,11,11.734,12.228,13.634,14.781,16.045,17.644,18.788,19.973,22.076,23.321,25.015,26.785,27.884,29.544,32.062,34.629,35.211,37.323,40.119,42.817,45.623,48.455,52.398,55.125,58.474,61.732,67.618,72.735,79.3,80.943,81.509,98.516,108.558,117.856,116.45,126.44,141.161,153.565,164.762,176.592,189.401,203.249
Netherlands,164.978,179.659,188.313,199.127,212.748,225.305,237.026,247.382,267.848,290.823,314.312,332.908,345.905,358.579,377.257,395.848,417.182,442.741,468.626,499.144,531.888,556.532,566.43,578.52,605.831,637.618,680.046,724.769,754.712,731.693,750.418,777.881,792.042,827.476,830.319,852.113,890.399,948.182,993.753,1031.312,1002.894,1095.446,1226.656,1280.503,1329.607,1375.986,1424.189,1474.097
"New Zealand",28.526,32.15,35.119,36.449,40.354,42.135,43.761,45.936,47.82,49.908,51.785,52.83,54.414,58.616,63.205,67.694,71.741,74.757,75.847,80.414,85.732,89.915,95.627,101.646,109.352,116.354,123.434,131.156,133.425,132.658,136.626,142.005,144.377,157.733,167.205,170.606,185.197,197.109,208.746,218.572,216.603,238.148,261.039,275.492,286.917,298.668,311.314,324.834
Nicaragua,6.186,7.134,7.513,8.167,8.33,8.242,8.323,8.468,7.68,7.846,8.129,8.39,8.616,8.785,9.421,10.187,11.032,11.667,12.237,13.282,14.14,14.887,15.233,15.925,17.221,18.522,19.82,21.389,22.548,21.945,23.189,25.166,26.49,27.95,30.356,32.945,35.895,38.335,37.93,37.15,36.925,42.437,47.273,50.426,53.286,56.284,59.535,62.993
Niger,4.074,4.452,4.829,4.825,4.158,4.62,5.013,5.141,5.688,5.968,6.11,6.289,6.561,6.739,7.01,7.333,7.475,7.72,8.585,8.687,8.776,9.626,10.257,10.688,11.015,12.194,13.316,14.105,15.487,15.893,17.464,18.247,20.574,20.822,21.91,22.907,23.871,25.137,27.592,29.745,31.194,32.928,37.648,41.833,48.05,52.963,57.212,61.815
Nigeria,"no data","no data","no data","no data","no data","no data","no data","no data","no data","no data",173.963,178.853,186.942,194.375,199.036,207.014,219.347,229.568,237.945,242.557,261.742,285.481,332.274,371.029,420.772,464.382,510.909,563.115,615.232,670.896,755.404,808.786,836.15,897.506,971.492,982.912,973.442,990.7,1033.87,1075.606,1069.036,1154.068,1275.297,1360.298,1429.678,1498.317,1571.404,1648.322
"North Macedonia ","no data","no data","no data","no data","no data","no data","no data","no data","no data","no data","no data","no data",11.57,10.956,10.989,11.096,11.435,11.789,12.325,13.042,13.943,13.819,14.244,14.848,15.96,17.238,18.683,20.429,21.961,22.022,23.035,24.064,24.559,26.27,27.776,28.76,31.37,32.458,34.191,36.164,34.363,37.21,40.927,43.66,46.293,48.966,51.78,54.79
Norway,60.566,67.356,71.686,77.452,85.105,92.671,98.359,102.559,105.904,111.2,117.591,125.318,132.755,139.768,149.97,159.478,170.563,182.673,189.577,196.118,206.989,216.044,222.584,229.043,244.527,258.817,273.206,288.991,295.936,292.689,298.286,307.472,327.988,340.138,338.506,313.315,308.491,332.135,343.875,352.637,354.327,383.373,425.612,452.107,471.93,488.356,504.012,520.394
Oman,13.485,17.284,20.462,24.655,29.096,34.376,35.82,35.24,38.397,41.093,46.202,50.651,56.205,61.072,64.776,69.329,72.638,78.455,81.483,82.878,90.004,96.277,97.01,96.754,101.331,107.413,115.899,124.959,138.754,147.997,153.478,161.202,177.869,181.369,178.709,152.787,148.656,155.415,161.176,162.206,158.907,170.396,190.475,205.316,213.664,222.545,232.56,243.357
Pakistan,78.978,91.817,104.862,116.366,125.356,140.581,152.537,165.392,182.245,198.498,215.376,234.075,257.53,269.164,286.923,307.767,334.085,345.632,361.734,382.172,406.104,423.422,443.403,473.522,522.617,587.292,640.638,694.379,742.996,750.455,779.074,824.079,847.095,883.375,931.731,981.558,1010.73,1058.469,1149.817,1206.902,1209.924,1332.561,1512.476,1621.187,1724.723,1837.588,1966.2,2104.46
Palau,"no data","no data","no data","no data","no data","no data","no data","no data","no data","no data","no data","no data","no data","no data","no data","no data","no data","no data","no data","no data",0.154,0.173,0.183,0.182,0.194,0.207,0.213,0.221,0.213,0.201,0.2,0.214,0.222,0.223,0.238,0.261,0.264,0.26,0.267,0.272,0.251,0.226,0.236,0.274,0.305,0.326,0.344,0.361
Panama,6.997,8.364,9.355,9.285,9.881,10.697,11.302,11.372,10.198,10.763,12.07,13.653,15.11,16.312,17.135,17.801,19.463,21.082,22.882,24.105,25.326,26.041,27.041,28.74,31.727,35.072,39.242,45.184,50.589,51.546,55.206,62.728,70.434,79.815,89.33,100.479,112.346,125.038,132.743,139.144,115.551,138.809,159.863,172.204,183.713,195.548,208.238,221.819
"Papua New Guinea",3.179,3.52,3.768,4.05,4.155,4.44,4.786,5.039,5.369,5.5,5.527,6.261,7.289,8.457,9.543,9.408,10.212,9.729,10.299,10.638,10.608,10.834,10.985,12.215,12.616,13.565,14.338,15.876,16.133,17.34,19.326,19.946,21.265,22.465,25.985,27.971,29.803,31.442,32.103,34.141,33.345,35.149,39.083,42.521,44.698,46.884,49.207,51.676
Paraguay,11.131,13.301,13.926,14.031,14.947,16.016,16.382,17.471,19.15,21.059,22.747,24.337,25.314,27.193,29.251,31.902,32.998,34.991,35.409,35.417,35.381,35.877,36.428,38.752,41.407,43.616,47.124,51.021,55.377,55.587,62.497,66.53,64.335,72.02,75.594,76.83,81.617,86.46,91.362,92.623,92.97,100.901,108.29,116.971,123.605,130.309,137.438,145.001
Peru,53.928,62.254,65.886,62.079,66.764,70.314,80.413,88.778,83.25,74.902,73.751,77.936,79.282,85.417,97.979,107.447,112.478,121.827,122.716,126.305,132.648,136.473,146.159,155.251,167.324,183.417,203.312,226.594,252.016,256.41,281.114,305.111,318.446,338.74,349.925,356.823,378.487,402.017,427.99,445.376,401.098,474.373,521.841,554.465,584.242,613.521,643.954,676.129
Philippines,92.074,104.235,114.681,121.406,116.576,111.475,117.605,125.71,138.93,153.338,163.907,168.711,173.277,181.254,193.222,206.398,222.494,238.069,239.511,251.014,267.951,282.342,297.398,318.695,348.748,377.462,409.796,448.308,476.755,486.76,528.741,560.551,612.131,654.004,699.662,733.864,798.601,854.095,929.955,1004.508,919.849,1012.712,1154.875,1256.047,1359.586,1467.563,1584.857,1712.102
Poland,171.568,169.02,170.766,187.391,193.443,207.266,218.828,229.402,245.293,264.63,254.847,245.009,255.686,272.968,293.405,319.711,345.877,376.774,399.996,423.984,452.059,467.815,481.964,508.671,548.352,585.38,640.441,704.195,747.842,773.952,812.553,868.897,903.837,934.553,968.368,1020.667,1075.284,1145.324,1235.465,1317.238,1303.784,1437.805,1599.02,1664.161,1752.309,1845.392,1942.697,2041.881
Portugal,59.193,67.076,72.761,76.345,78.276,82.073,86.505,95.41,104.049,115.319,129.037,137.896,145.453,147.877,153.285,160.11,168.755,179.22,189.951,200.152,212.498,221.509,226.696,229.019,239.373,248.81,260.655,274.409,280.564,273.547,281.646,282.621,277.992,292.135,298.952,307.312,326.331,340.796,358.879,375.1,347.571,379.694,432.063,450.366,470.852,489.914,508.727,528.424
"Puerto Rico",22.184,24.543,25.264,26.377,29.329,30.879,34.073,36.632,40.392,44.05,47.426,50.16,53.645,57.467,61.151,65.274,68.007,72.555,78.154,82.753,87.397,97.827,101.508,105.935,110.94,112.145,113.976,115.696,115.74,114.207,115.102,117.073,118.421,119.192,119.065,118.146,117.009,114.27,112.142,115.845,112.663,120.513,135.277,140.657,141.311,142.498,144.484,147.28
Qatar,20.834,21.917,21.361,21.015,25.254,22.658,23.971,24.785,26.865,29.398,26.032,26.502,29.932,30.368,31.615,32.394,34.383,44.68,49.815,52.42,57.331,61.261,66.492,70.507,86.319,95.963,126.704,153.799,184.17,209.562,249.717,283.716,311.041,322.985,317.406,238.529,220.585,249.963,259.095,265.545,259.184,274.249,303.596,322.034,334.487,350.284,366.542,387.847
Romania,111.193,121.835,134.408,148.052,162.599,167.573,175.049,180.814,186.254,182.332,178.539,160.717,149.97,155.869,165.458,180.986,191.577,183.084,176.225,176.653,185.932,200.041,214.745,224.11,254.124,274.328,305.498,336.451,374.818,356.407,346.62,360.566,378.487,395.318,411.273,428.249,478.155,534.707,571.977,606.594,590.895,651.635,731.466,780.86,827.382,872.423,920.157,970.606
"Russian Federation","no data","no data","no data","no data","no data","no data","no data","no data","no data","no data","no data","no data",1602.609,1497.86,1335.563,1307.66,1283.56,1323.738,1267.082,1366.548,1537.897,1652.594,1757.977,1924.417,2117.874,2323.559,2590.557,2887.648,3097.461,2873.513,3039.017,3259.319,3480.299,3741.783,3763.535,3526.236,3538.582,3818.781,4019.767,4181.617,4119.28,4494.223,4649.674,4705.552,4876.351,5016.648,5153.051,5289.535
Rwanda,2.108,2.364,2.448,2.698,3.157,3.4,3.66,3.739,3.882,3.804,3.963,3.921,4.275,3.922,2.328,2.96,3.364,3.932,4.307,4.513,5.001,5.548,6.377,6.648,7.334,8.273,9.314,10.298,11.666,12.473,13.549,14.932,15.707,16.686,18.918,20.516,21.966,23.665,26.308,29.315,28.672,33.111,37.586,41.535,45.359,49.665,53.679,58.055
"Saint Kitts and Nevis",0.13,0.146,0.165,0.168,0.19,0.209,0.232,0.257,0.294,0.324,0.355,0.375,0.395,0.426,0.459,0.485,0.523,0.571,0.583,0.615,0.69,0.743,0.765,0.749,0.8,0.905,0.963,0.995,1.127,1.096,1.11,1.151,1.106,1.162,1.266,1.272,1.337,1.404,1.476,1.574,1.371,1.377,1.619,1.758,1.872,1.959,2.05,2.146
"Saint Lucia",0.283,0.326,0.354,0.382,0.428,0.497,0.58,0.618,0.728,0.825,0.94,0.976,1.078,1.11,1.151,1.196,1.254,1.266,1.361,1.417,1.45,1.432,1.46,1.553,1.71,1.757,1.924,2.014,2.153,2.127,2.163,2.314,2.301,2.388,2.445,2.426,2.573,2.701,2.845,2.878,2.203,2.575,3.008,3.297,3.493,3.631,3.761,3.89
"Saint Vincent and the Grenadines",0.191,0.217,0.236,0.253,0.276,0.297,0.32,0.33,0.386,0.414,0.451,0.476,0.522,0.553,0.558,0.609,0.627,0.661,0.698,0.723,0.753,0.782,0.833,0.902,0.961,1.013,1.113,1.178,1.206,1.199,1.161,1.178,1.195,1.257,1.304,1.323,1.434,1.439,1.518,1.552,1.487,1.557,1.751,1.922,2.056,2.168,2.269,2.375
Samoa,0.195,0.194,0.204,0.213,0.225,0.245,0.262,0.27,0.288,0.316,0.307,0.309,0.33,0.343,0.373,0.406,0.443,0.454,0.465,0.468,0.503,0.552,0.593,0.636,0.673,0.74,0.779,0.804,0.849,0.85,0.882,0.935,0.917,0.934,0.958,1.004,1.095,1.132,1.152,1.225,1.201,1.162,1.183,1.274,1.356,1.43,1.502,1.57
"San Marino","no data","no data","no data","no data","no data","no data","no data","no data","no data","no data","no data","no data","no data","no data","no data","no data","no data",1.149,1.249,1.381,1.443,1.557,1.587,1.681,1.805,1.907,2.041,2.245,2.279,2.061,1.965,1.834,1.748,1.74,1.825,1.85,1.925,1.982,2.06,2.14,2.021,2.22,2.452,2.559,2.641,2.725,2.813,2.904
"Saudi Arabia",418.074,466.519,392.661,342.542,338.361,314.871,375.858,359.609,421.094,435.406,520.329,618.658,657.989,664.397,682.38,698.165,729.701,750.476,780.881,762.083,823.191,831.545,820.697,930.98,1032.051,1123.745,1190.721,1245.489,1348.705,1329.398,1413.177,1586.748,1672.472,1680.158,1722.862,1541.833,1475.67,1565.892,1643.609,1678.596,1628.533,1751.176,2018.26,2166.863,2277.084,2386.591,2503.733,2629.435
Senegal,6.037,6.943,7.951,7.822,8.408,8.958,9.423,10.245,10.543,11.393,11.739,12.446,12.888,13.366,13.621,14.754,15.305,15.992,17.138,18.419,19.568,20.871,21.211,22.84,24.542,26.403,27.852,29.413,31.087,32.147,33.637,34.794,36.714,37.797,40.124,43.318,46.119,49.402,53.723,57.207,58.665,64.809,72.703,81.399,91.763,98.014,104.932,112.475
Serbia,"no data","no data","no data","no data","no data","no data","no data","no data","no data","no data","no data","no data","no data","no data","no data","no data","no data",46.629,48.3,43.031,47.42,50.909,55.382,58.968,66.029,75.015,81.279,88.851,95.677,93.659,95.478,99.446,100.311,104.804,104.531,105.951,111.92,116.697,124.856,132.594,132.925,148.678,164.835,175.318,185.262,197.197,208.989,221.653
Seychelles,0.275,0.29,0.301,0.311,0.336,0.383,0.393,0.423,0.461,0.528,0.589,0.626,0.686,0.753,0.751,0.77,0.863,0.984,1.02,1.054,1.124,1.123,1.154,1.108,1.105,1.242,1.401,1.589,1.585,1.578,1.698,1.832,1.904,2.012,2.255,2.311,2.54,2.695,2.847,2.988,2.79,3.136,3.725,4.057,4.341,4.617,4.888,5.175
"Sierra Leone",2.777,3.096,3.346,3.422,3.606,3.469,3.544,3.718,3.928,4.285,4.517,4.296,3.97,4.067,4.299,3.949,3.024,2.535,2.542,2.369,2.515,3.039,3.901,4.349,4.761,5.131,5.513,6.118,6.572,6.825,7.277,7.897,9.434,11.988,12.544,11.469,12.3,12.234,12.96,13.885,13.776,14.937,16.386,17.526,18.779,20.092,21.374,22.73
Singapore,22.883,27.757,31.565,35.607,40.136,41.147,42.539,48.299,55.634,63.689,72.561,80.032,87.291,99.6,113.015,123.664,135.337,149.12,147.494,158.126,176.324,178.366,188.253,200.699,226.572,250.891,281.927,315.667,327.716,330.238,382.734,414.967,435.965,448.14,461.772,481.405,501.496,534.906,567.736,584.224,566.768,635.266,700.98,742.334,777.75,811.9,848.234,886.147
"Slovak Republic","no data","no data","no data","no data","no data","no data","no data","no data","no data","no data","no data","no data","no data",43.973,47.7,52.534,57.209,60.782,63.972,64.804,67.045,70.787,75.132,80.828,87.379,96.088,107.465,122.325,131.621,125.238,134.72,141.146,145.401,151.117,156.759,162.567,160.984,167.957,178.494,186.421,180.444,193.619,211.118,221.919,234.279,246.27,258.487,270.866
Slovenia,"no data","no data","no data","no data","no data","no data","no data","no data","no data","no data","no data","no data",22.321,23.49,25.263,26.85,28.326,30.27,31.614,33.77,35.803,37.787,39.721,41.704,44.691,47.843,52.153,57.301,60.45,56.245,57.686,59.392,59.746,61.744,63.653,65.283,70.072,75.777,81.044,85.34,82.636,93.137,105.45,111.033,116.723,122.438,128.515,134.913
"Solomon Islands",0.223,0.24,0.25,0.27,0.28,0.28,0.285,0.317,0.332,0.36,0.382,0.418,0.482,0.513,0.567,0.637,0.659,0.664,0.68,0.687,0.602,0.566,0.559,0.607,0.665,0.724,0.783,0.84,0.905,0.935,1.027,1.125,1.162,1.244,1.282,1.317,1.404,1.475,1.551,1.607,1.571,1.632,1.671,1.775,1.855,1.946,2.041,2.143
Somalia,"no data","no data","no data","no data","no data","no data","no data","no data","no data","no data","no data","no data","no data","no data","no data","no data","no data","no data","no data","no data","no data","no data","no data","no data","no data","no data","no data","no data","no data","no data","no data",14.669,11.368,10.601,12.505,14.95,16.12,15.743,16.714,17.472,17.632,18.904,20.642,22.036,23.331,24.692,26.168,27.768
"South Africa",148.597,171.375,181.267,184.887,201.328,205.178,209.346,219.031,236.278,251.424,260.004,266.061,266.309,275.983,290.899,306.205,325.22,339.429,344.966,358.222,381.724,400.863,422.175,443.204,475.829,516.648,562.435,608.599,640.063,634.257,661.392,696.526,698.221,730.518,741.916,758.901,772.769,790.171,821.363,838.594,794.871,868.576,949.846,994.511,1028.07,1061.838,1097.201,1134.091
"South Sudan, Republic of","no data","no data","no data","no data","no data","no data","no data","no data","no data","no data","no data","no data","no data","no data","no data","no data","no data","no data","no data","no data","no data","no data","no data","no data","no data","no data","no data","no data","no data","no data","no data",32.402,14.508,17.633,17.392,16.179,12.577,11.185,11.212,11.51,10.89,11.947,13.633,14.911,15.931,16.97,18.059,19.224
Spain,294.435,320.976,345.03,364.466,384.033,405.533,427.895,463.512,505.215,551.298,593.93,629.524,649.347,656.004,685.658,728.891,760.21,803.21,848.548,901.338,968.334,1029.128,1073.673,1127.531,1193.9,1276.364,1369.742,1457.433,1498.582,1451.343,1471.25,1489.595,1483.647,1512.074,1558.307,1621.505,1733.039,1843.933,1931.225,2006.709,1811.093,1983.106,2215.992,2322.746,2432.867,2545.751,2648.306,2746.687
"Sri Lanka",18.82,21.702,24.249,26.033,28.787,31.169,33.158,34.472,36.651,38.945,42.897,44.166,43.757,48.143,53.122,57.518,65.695,73.705,73.308,76.481,84.798,85.019,89.562,96.755,104.762,114.791,127.408,139.744,150.899,157.24,171.886,190.669,216.884,231.454,243.244,256.002,276.84,291.299,305.148,309.922,302.766,325.838,318.69,320.099,331.619,346.554,363.867,382.489
Sudan,20.182,23.487,25.968,26.577,25.987,26.641,29.877,32.595,35.192,37.093,38.804,42.934,46.346,48.749,51.54,57.283,61.52,66.371,72.65,76.794,85.119,96.495,103.821,112.528,121.484,132.37,145.367,157.858,167.074,163.491,171.84,169.773,137.75,142.298,168.145,170.579,220.533,191.889,191.974,190.523,185.82,194.509,207.713,220.707,237.844,258.787,280.855,303.389
Suriname,2.187,2.44,2.427,2.394,2.406,2.46,2.449,2.289,2.625,2.791,2.852,2.541,2.701,2.704,2.568,2.919,3.305,3.597,3.718,3.736,3.817,4.094,4.314,4.671,5.147,5.57,6.073,6.555,6.958,7.213,7.677,8.295,9.148,9.854,10.226,9.623,8.509,10.431,11.209,11.534,9.817,9.865,10.707,11.349,11.93,12.514,13.135,13.791
Sweden,87.604,100.245,107.926,114.461,123.748,130.63,137.22,145.258,154.09,164.389,171.821,175.673,177.996,178.882,189.883,201.494,208.424,218.528,230.516,243.693,261.092,270.844,281.109,293.278,314.211,333.329,359.637,382.059,387.631,373.185,400.15,421.516,432.488,444.617,457.508,481.3,500.373,530.433,553.695,574.794,569.096,622.826,684.458,707.882,738.235,769.376,799.199,830.688
Switzerland,114.054,126.881,132.915,138.955,148.387,158.762,164.933,171.619,183.503,199.149,214.273,219.461,224.137,229.118,237.057,243.386,249.002,258.933,269.525,277.832,295.732,307.345,311.936,317.823,334.685,354.948,381.105,406.777,425.735,418.574,437.242,454.774,475.3,498.887,519.388,540.512,563.624,580.253,611.129,629.292,620.862,674.013,737.838,770.241,800.558,825.222,856.069,883.106
Syria,18.922,22.465,24.469,25.835,25.028,27.704,26.917,27.928,32.591,31.814,36.423,41.694,48.293,53.1,57.236,61.605,64.594,64.991,69.373,68.155,71.298,75.587,81.292,81.208,89.144,97.654,105.747,114.767,122.204,130.259,136.359,"no data","no data","no data","no data","no data","no data","no data","no data","no data","no data","no data","no data","no data","no data","no data","no data","no data"
"SÃ£o TomÃ© and PrÃ­ncipe",0.138,0.136,0.148,0.148,0.144,0.163,0.156,0.155,0.164,0.176,0.179,0.187,0.192,0.199,0.208,0.217,0.224,0.23,0.238,0.248,0.254,0.266,0.277,0.301,0.321,0.355,0.399,0.423,0.466,0.481,0.519,0.553,0.557,0.638,0.747,0.765,0.79,0.811,0.855,0.89,0.928,0.985,1.069,1.136,1.199,1.266,1.341,1.422
"Taiwan Province of China",61.57,72.18,80.326,91.004,103.763,112.19,127.624,147.456,164.905,186.319,204.002,228.557,253.192,276.854,303.984,330.526,357.368,385.528,406.261,439.72,478.077,481.996,516.34,548.775,602.68,655.041,714.22,783.772,805.185,797.275,889.524,941.367,973.232,1015.239,1066.102,1102.036,1112.781,1143.224,1203.154,1262.201,1320.321,1465.542,1621.702,1727.242,1801.055,1871.374,1945.197,2022.559
Tajikistan,"no data","no data","no data","no data","no data","no data","no data","no data","no data","no data","no data","no data",8.099,7.37,5.917,5.286,5.148,5.325,5.671,5.963,6.605,7.442,8.246,9.267,10.524,11.581,12.774,14.143,15.553,16.263,17.528,19.216,21.657,24.57,27.63,25.288,26.986,28.887,31.825,34.791,36.756,41.806,47.241,50.881,54.026,57.232,60.654,64.276
Tanzania,10.461,11.508,12.293,13.081,14.014,15.122,16.444,17.845,19.288,20.806,23.105,24.381,25.082,25.987,26.958,28.505,30.347,31.958,33.516,35.634,38.239,41.446,45.107,49.165,54.436,60.281,65.037,72.449,77.948,82.67,88.984,98.013,95.918,103.322,108.827,117.377,127.683,134.162,146.926,159.979,169.689,185.463,207.55,226.059,245.153,265.737,289.161,315.347
Thailand,74.669,86.563,96.832,106.24,116.415,125.671,135.296,151.84,178.083,207.632,240.438,269.457,301.035,334.905,369.414,407.786,438.723,433.999,405.379,429.888,459.213,485.732,523.636,572.359,624.687,671.257,726.346,786.52,815.436,814.994,886.76,912.79,1008.787,1049.948,1059.446,1087.227,1146.041,1205.839,1286.782,1337.984,1270.215,1343.288,1479.644,1589.278,1680.258,1768.259,1859.503,1952.982
Timor-Leste,"no data","no data","no data","no data","no data","no data","no data","no data","no data","no data","no data","no data","no data","no data","no data","no data","no data","no data","no data","no data",1.105,1.315,1.246,1.242,1.281,1.361,1.345,1.523,1.729,1.916,2.12,2.293,2.658,2.864,3.195,3.484,3.817,3.95,4.017,4.888,5.46,5.729,5.347,4.946,5.108,5.327,5.559,5.837
Togo,2.714,2.869,2.933,2.891,3.172,3.394,3.575,3.572,4.073,4.406,4.84,4.974,4.925,4.219,4.909,5.999,5.872,6.201,6.128,6.373,6.454,6.653,7.016,7.635,7.763,7.633,8.077,8.197,8.694,9.234,9.915,10.769,11.214,11.966,12.793,13.806,14.676,15.491,16.649,17.873,18.406,20.179,22.781,25.055,27.244,29.554,32.074,34.82
Tonga,0.067,0.083,0.1,0.11,0.164,0.178,0.198,0.206,0.206,0.216,0.235,0.257,0.253,0.259,0.27,0.297,0.303,0.306,0.317,0.328,0.349,0.362,0.384,0.392,0.394,0.405,0.408,0.409,0.437,0.417,0.425,0.463,0.476,0.486,0.505,0.516,0.555,0.585,0.6,0.615,0.626,0.634,0.666,0.71,0.745,0.777,0.807,0.837
"Trinidad and Tobago",7.566,8.661,9.545,8.897,8.688,8.594,8.479,8.293,8.249,8.501,8.952,9.543,10.746,10.927,11.558,12.25,13.364,14.618,15.983,17.509,19.141,20.296,22.087,25.649,28.267,30.872,36.338,38.908,40.957,39.231,41.077,41.85,40.459,40.731,40.499,37.892,36.333,37.754,38.383,39.003,36.562,37.813,42.136,45.151,47.723,49.846,51.374,53.227
Tunisia,14.468,16.711,17.658,19.207,21.041,22.937,23.058,25.212,26.12,27.844,30.93,33.299,36.786,38.59,40.844,42.815,46.587,50.104,53.182,57.177,60.987,64.728,66.606,71.115,77.577,82.8,89.831,98.448,104.588,108.462,113.62,113.607,116.403,117.962,121.97,121.024,124.271,128.449,134.868,139.201,128.572,138.392,151.495,159.462,166.277,173.439,181.37,189.68
Turkmenistan,"no data","no data","no data","no data","no data","no data","no data","no data","no data","no data","no data","no data",17.21,15.856,13.393,12.69,12.056,10.878,11.738,13.867,16.817,20.702,24.34,29.064,34.229,39.905,45.648,52.066,60.89,65.038,76.479,88.101,90.058,89.473,94.076,93.772,90.491,99.986,103.277,101.562,99.75,108.694,117.787,124.791,130.53,135.521,140.44,145.624
Tuvalu,"no data","no data","no data","no data","no data","no data","no data","no data","no data","no data","no data","no data","no data","no data","no data","no data","no data","no data","no data","no data",0.023,0.024,0.026,0.026,0.026,0.026,0.027,0.029,0.032,0.03,0.03,0.033,0.032,0.034,0.035,0.039,0.041,0.044,0.045,0.053,0.054,0.057,0.063,0.068,0.072,0.076,0.081,0.085
"TÃ¼rkiye, Republic of",159.188,181.854,199.712,217.406,240.621,258.8,282.337,318.331,336.546,350.629,397.415,414.661,449.491,497.151,480.066,525.373,572.48,626.189,652.819,640.415,700.332,674.933,729.649,786.931,887.212,997.317,1099.523,1186.19,1218.79,1167.44,1281.037,1454.112,1550.688,1703.67,1860.471,2022.94,2116.184,2282.304,2406.459,2468.703,2546.924,2953.937,3320.994,3543.497,3726.448,3907.687,4102.705,4308.475
Uganda,5.919,6.729,7.731,8.427,8.469,8.475,8.727,9.301,10.428,11.53,12.739,13.404,14.512,15.849,17.433,19.431,21.092,22.447,24.078,26.36,28.019,31.162,33.881,36.677,39.848,45.21,49.89,55.37,62.317,67.777,73.725,81.034,77.235,80.26,84.146,85.393,86.241,89.796,96.995,106.446,106.233,118.045,132.01,144.777,156.677,171.558,186.737,203.304
Ukraine,"no data","no data","no data","no data","no data","no data","no data","no data","no data","no data","no data","no data",331.074,290.793,228.991,205.27,188.125,185.628,184.151,186.372,201.84,224.549,240.135,268.138,307.825,327.321,363.065,403.452,420.235,359.066,378.281,407.226,425.994,486.365,461.987,435.49,475.722,504.188,534.24,561.196,546.644,588.448,"no data","no data","no data","no data","no data","no data"
"United Arab Emirates",89.966,106.38,104.833,103.22,111.705,112.331,92.512,99.829,100.638,121.038,155.154,163.836,172.757,176.801,193.872,210.961,226.296,249.887,254.699,267.976,307.834,318.811,331.805,368.174,414.263,448.048,507.281,537.825,565.759,539.614,554.809,605.575,631.707,647.296,678.339,601.179,598.811,637.385,660.376,695.122,669.73,724.067,814.733,879.216,932.412,986.623,1045.834,1111.314
"United Kingdom",511.761,556.295,602.31,652.172,690.852,742.095,780.919,843.412,922.064,981.647,1024.837,1046.928,1074.141,1125.996,1193.383,1248.18,1301.9,1389.362,1449.314,1513.682,1604.823,1674.991,1737.215,1825.177,1918.32,2029.785,2146.488,2254.526,2292.254,2208.961,2283.161,2364.569,2453.353,2579.159,2686.205,2795.074,2928.299,3074.393,3199.803,3311.501,3040.718,3402.74,3776.044,3922.887,4027.716,4198.811,4373.059,4524.532
"United States",2857.325,3207.025,3343.8,3634.025,4037.65,4339,4579.625,4855.25,5236.425,5641.6,5963.125,6158.125,6520.325,6858.55,7287.25,7639.75,8073.125,8577.55,9062.825,9631.175,10250.95,10581.925,10929.1,11456.45,12217.175,13039.2,13815.6,14474.25,14769.85,14478.05,15048.975,15599.725,16253.95,16843.225,17550.675,18206.025,18695.1,19479.625,20527.15,21372.6,20893.75,22996.075,25035.164,26185.21,27057.202,28045.305,29165.531,30281.524
Uruguay,14.84,16.552,15.924,15.58,15.907,16.459,18.049,19.589,20.38,21.413,22.281,23.849,26.328,27.668,30.316,30.504,32.795,35.045,37.04,36.834,36.942,36.322,34.036,34.987,37.724,41.809,44.866,49.093,53.625,56.258,61.377,65.887,66.779,70.438,74.226,74.939,76.887,79.077,81.353,83.098,78.957,85.858,96.81,103.82,108.86,113.655,118.367,123.312
Uzbekistan,"no data","no data","no data","no data","no data","no data","no data","no data","no data","no data","no data","no data",51.142,51.15,49.526,50.11,51.895,55.535,58.575,61.954,65.765,70.071,74.01,78.64,86.727,95.708,106.061,119.275,132.503,144.154,156.236,171.483,180.491,190.612,199.767,209.082,216.467,221.561,239.002,257.168,265.176,296.689,334.318,362.42,388.243,415.283,444.477,475.945
Vanuatu,0.109,0.124,0.134,0.144,0.163,0.17,0.173,0.172,0.175,0.185,0.215,0.229,0.24,0.247,0.276,0.284,0.296,0.316,0.324,0.329,0.357,0.352,0.339,0.361,0.385,0.418,0.468,0.494,0.532,0.551,0.565,0.595,0.612,0.626,0.657,0.666,0.705,0.763,0.804,0.845,0.809,0.847,0.922,0.985,1.04,1.101,1.156,1.214
Venezuela,118.828,128.394,139.933,131.082,142.906,148.703,160.92,172.818,190.559,170.467,188.284,213.592,231.698,237.843,237.216,251.761,255.863,276.857,280.797,267.752,283.914,300.164,277.846,261.357,317.449,361.186,409.088,456.921,490.261,477.603,476.148,506.34,544.83,561.817,550.033,520.974,436.529,375.106,308.577,227.186,160.965,168.456,191.329,211.109,"no data","no data","no data","no data"
Vietnam,29.158,33.767,38.776,43.152,48.464,52.806,55.678,58.509,63.662,71.319,77.722,85.018,94.521,104.577,116.246,130.007,144.752,159.251,170.328,180.973,197.635,216.021,234.921,257.144,284.615,315.695,348.145,383.045,412.493,437.546,471.247,511.889,568.401,607.018,660.612,700.257,770.872,851.064,934.11,1018.806,1061.437,1134.016,1299.69,1428.952,1554.627,1689.593,1837.697,2001.037
"West Bank and Gaza","no data","no data","no data","no data","no data","no data","no data","no data","no data","no data","no data","no data","no data","no data",4.967,5.432,5.599,6.531,7.551,8.291,7.754,7.19,6.39,7.43,9.302,10.677,10.897,11.615,12.717,13.899,14.878,16.646,19.95,20.886,22.996,25.426,27.536,28.519,29.558,30.497,27.371,30.518,33.996,36.439,38.097,39.599,41.178,42.835
Yemen,"no data","no data","no data","no data","no data","no data","no data","no data","no data","no data",24.197,26.59,29.428,31.331,34.151,36.844,39.257,42.023,45.049,47.409,51.48,54.642,57.677,61.02,65.147,70.947,75.455,80.081,84.594,88.427,96.383,85.876,85.441,92.756,94.312,68.589,62.781,60.729,62.647,64.661,59.877,61.742,67.454,72.128,78.796,85.478,92.331,99.294
Zambia,7.806,9.111,9.392,9.648,9.825,10.261,10.645,11.071,12.524,12.539,12.933,13.281,13.863,14.18,12.556,13.19,14.267,15.067,15.177,16.107,17.114,18.43,19.561,21.332,23.445,25.93,28.842,32.096,35.255,38.752,43.256,46.612,49.509,53.42,54.506,54.473,55.712,58.735,62.565,64.602,63.559,69.245,76.325,82.214,87.474,93.196,99.499,106.5
Zimbabwe,"no data","no data","no data","no data","no data","no data","no data","no data","no data","no data","no data","no data","no data","no data","no data","no data","no data","no data",28.692,28.773,28.18,28.684,26.887,22.969,22.107,21.11,20.987,20.821,17.757,19.192,23.246,27.098,31.163,34.191,35.502,37.028,37.965,33.371,35.785,34.187,32.816,36.626,40.408,43.037,45.211,47.409,49.74,52.203
"Africa (Region)",685.528,747.273,815.687,859.388,917.568,975.317,1011.673,1046.246,1121.591,1203.76,1453.183,1533.863,1570.498,1618.926,1692.129,1766.56,1886.789,1977.273,2105.464,2199.638,2343.024,2499.975,2657.48,2853.261,3097.813,3380.817,3674.681,4001.12,4285.772,4438.039,4749.102,4948.819,5203.147,5431.714,5677.1,5856.478,6018.269,6210.415,6571.039,6876.026,6811.669,7426.739,8237.317,8861.494,9423.417,10013.712,10650.475,11338.527
"Asia and Pacific",2886.612,3323.87,3676.692,4025.137,4432.923,4845.795,5204.498,5695.108,6351.813,6955.67,7619.022,8250.986,9159.93,9836.211,10568.53,11469.134,12428.297,13222.953,13541.351,14325.791,15470.253,16384.137,17480.682,18890.554,20724.997,22910.818,25403.86,28274.257,30216.564,31579.303,34594.998,37539.447,40538.572,43073.895,45076.724,46905.756,49030.783,51790.863,55799.188,59099.28,59158.23,65565.511,73044.833,78825.852,84069.057,89471.984,95202.513,101287.041
"Australia and New Zealand",183.915,209.259,223.289,231.062,254.787,275.419,287.568,307.997,330.661,357.462,375.605,384.263,402.09,428.541,459.335,484.083,512.848,544.131,572.575,606.043,639.927,671.705,711.116,748.216,800.56,850.601,900.031,963.578,1003.546,1025.09,1061.814,1113.111,1128.06,1241.6,1278.005,1282.109,1357.009,1426.684,1502.651,1561.735,1546.895,1691.699,1876.325,1979.971,2058.499,2139.459,2227.521,2322.629
Caribbean,33.443,37.398,39.72,40.34,41.647,42.9,45.257,47.019,48.732,51.466,54.222,56.291,58.853,60.18,60.901,65.239,69.163,72.807,75.8,79.738,84.085,87.414,91.196,98.186,103.897,110.738,121.328,129.135,133.905,132.295,133.826,139.282,140.066,145.405,147.667,145.986,148.068,155.828,162.214,166.011,156.202,169.893,199.247,219.903,238.819,262.845,289.477,301.664
"Central America",69.494,77.011,80.173,83.958,88.784,91.714,95.61,102.121,105.444,113.021,119.115,125.795,137.903,148.702,156.948,167.68,177.067,190.169,202.664,213.777,226.355,236.642,248.53,258.594,275.483,299.75,330.385,362.891,385.937,387.804,412.51,442.165,465.059,495.913,537.874,587.415,635.53,677.542,720.395,756.976,708.893,819.331,918.349,984.971,1045.518,1107.529,1174.125,1244.942
"Central Asia and the Caucasus","no data","no data","no data","no data","no data","no data","no data","no data","no data","no data","no data","no data",706.382,731.339,690.237,726.879,780.12,844.272,877.148,878.883,962.825,970.01,1074.187,1169.84,1315.021,1487.868,1667.672,1839.754,1929.586,1915.523,2093.352,2335.774,2505.083,2742.501,2942.468,3074.01,3192.109,3412.695,3606.552,3738.914,3803.917,4247.184,4758.243,5090.891,5372.455,5646.887,5935.652,6241.397
"East Asia",1554.162,1782.559,1982.753,2180.81,2429.191,2685.257,2893.584,3188.945,3578.07,3902.552,4250.295,4647.959,5008.975,5374.039,5811.736,6303.831,6812.792,7265.037,7497.18,7931.865,8598.198,9150.567,9766.67,10533.899,11534.995,12737.847,14166.939,15871.661,17047.292,17833.359,19608.321,21326.092,22997.235,24456.939,25522.395,26560.349,27453.401,28789.412,30992.296,32921.378,33585.534,37326.69,41137.734,44218.772,46867.847,49578.437,52430.661,55475.929
"Eastern Europe ","no data","no data","no data","no data","no data","no data","no data","no data","no data","no data","no data","no data",2677.801,2600.809,2412.584,2587.06,2616.97,2747.135,2735.633,2873.503,3151.47,3366.717,3566.512,3858.669,4244.138,4626.71,5126.059,5666.762,6050.856,5705.048,5968.13,6352.63,6686.78,7126.205,7229.687,7078.435,7316.737,7862.991,8338.135,8746.782,8579.665,9390.101,9413.328,9716.931,10160.834,10573.796,10991.856,11420.53
Europe,4163.699,4558.709,4872.978,5165.207,5486.346,5803.177,6081.407,6412.006,6898.834,7413.085,7868.597,8206.402,10552.78,10644.574,10850.14,11416.479,11770.67,12343.372,12736.279,13315.091,14244.429,14950.109,15459.408,16110.105,17116.345,18149.323,19506.217,20847.937,21569.911,20655.406,21425.161,22378.005,22995.194,24047.535,24655.29,25045.843,26346.722,27920.479,29235.142,30350.145,29035.835,31871.709,34249.825,35563.675,36974.5,38422.719,39876.362,41291.008
"Middle East (Region)",893.748,978.052,976.338,987.769,1002.357,1011.628,1033.641,1050.049,1105.986,1187.19,1390.855,1572.459,1707.001,1766.462,1841.736,1930.096,2046.779,2145.679,2311.48,2362.929,2561.073,2638.614,2735.085,3088.026,3470.535,3746.744,4081.178,4405.991,4688.801,4725.345,5026.901,5302.635,5432.598,5502.056,5549.649,4859.231,4863.913,5213.277,5408.208,5530.485,5378.014,5824.27,6584.651,7035.891,7382.425,7728.486,8099.784,8504.164
"North Africa",321.969,335.967,375.98,403.64,431.16,468.258,478.323,484.405,517.195,559.475,595.04,642.231,656.251,668.824,705.609,718.268,769.019,801.506,856.04,902.169,962.378,1020.856,1067.071,1154.702,1239.916,1347.77,1452.831,1574.349,1679.396,1735.564,1834.964,1810.705,1989.642,2008.559,2001.321,2097.229,2105.614,2173.403,2313.292,2418.479,2385.194,2610.083,2902.179,3134.965,3336.364,3549.97,3779.822,4027.128
"North America",3572.562,4038.993,4212.655,4527.735,5005.544,5369.65,5624.847,5956.557,6408.47,6900.472,7307.844,7569.233,7999.8,8415.134,8952.37,9300.234,9839.206,10477.003,11074.089,11747.784,12523.131,12925.295,13339.875,13954.905,14872.307,15846.022,16809.867,17613.072,18000.085,17592.698,18329.26,19058.924,19853.234,20581.031,21464.364,22149.714,22873.885,23843.336,25096.338,26055.756,25311.751,27810.604,30330.705,31738.429,32818.826,34039.631,35393.442,36748.947
"Pacific Islands ",5.534,6.201,6.601,6.922,7.418,7.727,8.324,8.502,9.049,9.734,10.124,10.956,12.368,13.782,15.279,15.482,16.659,16.186,16.921,17.77,17.774,18.244,18.706,20.222,21.23,22.473,23.728,25.504,26.139,27.324,29.756,30.957,32.891,34.883,39.407,42.465,44.792,47.393,48.965,51.341,48.432,50.195,56.477,61.585,65.133,68.696,72.313,76.012
"South America",1095.122,1169.076,1235.059,1244.796,1346.056,1439.642,1572.55,1672.734,1747.961,1805.537,1846.469,1980.561,2083.382,2229.089,2386.303,2524.401,2639.797,2813.118,2879.097,2880.411,3037.956,3132.122,3180.119,3307.287,3638.865,3944.074,4294.388,4707.309,5037.32,5017.94,5412.412,5796.621,5961.66,6256.09,6367.157,6204.05,6146.124,6425.817,6593.346,6682.213,6297.158,7028.307,7797.138,8202.475,8562.477,8923.768,9301.049,9699.568
"South Asia",527.238,611.783,676.434,749.889,808.461,881.184,943.343,1005.961,1126.816,1235.249,1349.513,1422.908,1535.119,1639.636,1777.817,1939.234,2118.226,2239.969,2386.914,2597.691,2768.552,2951.663,3110.943,3399.578,3754.116,4215.179,4715.12,5270.509,5599.112,6028.727,6643.575,7209.01,7862.964,8286.67,8711.479,9205.694,9891.614,10576.657,11522.986,12168.879,11702.71,13171.52,15005.468,16409.818,17837.721,19351.162,20972.161,22675.2
"Southeast Asia",456.575,532.214,587.903,639.048,692.444,737.408,789.342,865.372,970.671,1100.044,1236.07,1370.239,1494.997,1648.874,1814.126,1999.625,2187.651,2313.358,2190.614,2293.539,2482.976,2621.95,2799.06,3018.801,3299.075,3596.85,3930.37,4303.251,4610.889,4749.28,5158.18,5524.504,6012.338,6311.302,6582.97,6741.129,7091.857,7538.022,8125.739,8657.033,8470.74,9078.223,10210.584,11064.815,11867.402,12687.343,13564.205,14495.874
"Sub-Saharan Africa (Region) ",363.56,411.306,439.707,455.748,486.408,507.059,533.349,561.841,604.396,644.285,858.143,891.632,914.247,950.102,986.521,1048.292,1117.77,1175.767,1249.423,1297.469,1380.646,1479.119,1590.408,1698.559,1857.897,2033.047,2221.85,2426.771,2606.376,2702.475,2914.137,3138.114,3213.505,3423.155,3675.779,3759.249,3912.655,4037.012,4257.747,4457.547,4426.475,4816.656,5335.138,5726.529,6087.052,6463.742,6870.653,7311.399
"Western Europe",3760.262,4130.54,4417.073,4670.547,4959.711,5251.424,5501.127,5802.955,6259.543,6748.929,7223.856,7608.76,7874.979,8043.765,8437.555,8829.419,9153.701,9596.237,10000.646,10441.587,11092.959,11583.393,11892.895,12251.437,12872.207,13522.613,14380.158,15181.175,15519.055,14950.358,15457.031,16025.375,16308.414,16921.33,17425.604,17967.408,19029.985,20057.488,20897.007,21603.364,20456.17,22481.607,24836.497,25846.744,26813.666,27848.922,28884.506,29870.478
"Western Hemisphere (Region)",4770.622,5322.478,5567.607,5896.829,6482.03,6943.906,7338.264,7778.432,8310.606,8870.496,9327.65,9731.881,10279.938,10853.105,11556.522,12057.554,12725.233,13553.098,14231.65,14921.71,15871.527,16381.473,16859.72,17618.971,18890.552,20200.583,21555.968,22812.406,23557.249,23130.737,24288.008,25436.992,26420.019,27478.438,28517.062,29087.165,29803.607,31102.523,32572.293,33660.956,32474.003,35828.134,39245.44,41145.778,42665.641,44333.774,46158.093,47995.121
ASEAN-5,431.958,502.268,553.903,600.836,649.434,680.683,731.093,796.516,893.263,1013.345,1139.14,1263.931,1379.3,1519.552,1669.144,1841.577,2015.751,2126.444,1968.832,2054.77,2215.79,2342.546,2500.485,2695.097,2932.878,3187.168,3467.016,3783.169,4062.188,4189.436,4530.752,4845.437,5280.402,5547.711,5787.359,5919.831,6244.284,6634.421,7157.667,7639.017,7458.148,8027.55,9054.217,9833.486,10570.28,11325.303,12132.73,12989.426
"Advanced economies",8412.102,9389.495,9987.869,10705.693,11624.879,12436.816,13101.902,13933.18,15110.692,16324.404,17446.366,18311.597,19182.375,19944.571,21044.713,22279.269,23373.649,24607.771,25565.262,26846.911,28578.37,29680.229,30633.722,31865.685,33783.608,35816.961,38043.27,40127.835,41021.74,39888.72,41624.621,43221.805,44539.216,46343.132,47852.046,49425.651,51289.57,53605.345,56129.893,58123.773,56159.903,61514.18,67473.474,70634,73257.659,76025.946,78914.804,81769.627
"Emerging and Developing Asia",1193.201,1382.435,1541.654,1712.457,1901.682,2098.556,2270.462,2494.965,2822.412,3115.624,3420.374,3745.767,4163.737,4641.517,5178.315,5755.904,6351.987,6851.439,7113.356,7674.94,8353.973,9051.364,9797.166,10812.84,12033.43,13553.335,15364.365,17526.411,19147.325,20717.094,22974.018,25286.562,27792.265,29609.91,31174.399,32439.495,34251.485,36419.093,39677.119,42485.358,42654.762,47582.123,53181.644,57754.329,62030.696,66507.891,71287.899,76377.595
"Emerging and Developing Europe","no data","no data","no data","no data","no data","no data","no data","no data","no data","no data","no data","no data",3088.92,3004.733,2793.235,2834.929,2893.106,3063.304,3068.022,3185.011,3510.15,3679.129,3914.961,4236.718,4688.467,5135.561,5683.346,6252.825,6642.987,6290.294,6644.893,7174.196,7587.854,8147.428,8375.145,8361.087,8656.027,9311.292,9859.808,10286.74,10225.741,11366.379,11664.293,12136.251,12699.203,13232.627,13785.363,14358.879
"Emerging market and developing economies",4988.107,5540.887,5921.432,6228.638,6696.346,7143.008,7567.581,8048.66,8678.137,9305.797,10212.94,10983.994,14087.773,14774.707,15464.343,16360.771,17484.333,18634.911,19361.279,20278.571,21919.825,23198.232,24584.583,26723.942,29551.61,32609.955,36222.762,40265.024,43350.232,44695.236,48526.723,52480.014,56152.584,59305.825,61743.035,62431.433,64878.97,68746.126,73579.072,77517.672,76776.24,85093.741,93976.04,100914.573,107397.77,114100.185,121238.796,128821.682
"European Union",3469.079,3798.684,4055.717,4285.857,4550.552,4797.847,5024.458,5281.093,5673.704,6105.949,6497.22,6802.365,7100.798,7275.953,7627.448,8177.509,8487.922,8857.225,9220.841,9616.947,10219.294,10685.134,10987.308,11328.617,11951.105,12585.298,13454.365,14279.698,14681.016,14148.011,14616.162,15190.978,15420.269,15968.304,16446.124,16996.2,18076.312,19134.629,20020.597,20784.864,19833.779,21755.439,24048.856,25068.044,26121.56,27184.665,28248.368,29296.165
"Latin America and the Caribbean",1602.403,1763.817,1862.307,1877.936,2021.676,2148.988,2281.668,2414.211,2523.23,2641.972,2752.981,2952.566,3116.667,3317.768,3547.142,3659.513,3866.967,4142.27,4291.413,4355.416,4616.372,4747.477,4830.747,5020.176,5465.353,5881.494,6390.904,6927.296,7338.401,7235.937,7765.001,8289.388,8579.553,8961.899,9225.926,9168.095,9313.112,9731.773,10063.177,10233.464,9607.869,10686.592,11834.609,12466.035,13025.347,13601.042,14205.603,14826.883
"Major advanced economies (G7)",6773.781,7561.957,8021.177,8610.771,9364.206,10027.198,10544.091,11184.013,12123.753,13076.447,13941.799,14583.909,15231.177,15766.287,16584.068,17353.659,18157.192,19060.513,19819.118,20731.353,21992.985,22760.865,23385.047,24286.879,25659.36,27134.415,28690.397,30068.009,30627.477,29676.086,30903.438,32059.167,33108.635,34422.555,35562.137,36647.776,37910.503,39517.819,41305.433,42715.308,41145.114,45012.212,49188.977,51351.206,53088.358,55012.101,57037.42,59007.938
"Middle East and Central Asia",1286.499,1396.794,1448.116,1497.007,1545.312,1604.493,1649.362,1682.856,1787.455,1926.224,2183.799,2432.215,2858.391,2917.618,3018.898,3128.42,3325.568,3477.865,3721.402,3852.702,4153.878,4347.904,4565.726,5079.669,5640.265,6152.563,6724.035,7306.234,7799.297,7930.176,8418.471,8780.719,9137.015,9327.391,9480.669,8895.252,8990.155,9465.353,9941.632,10275.609,10077.93,10869.41,12204.7,13091.905,13837.065,14600.956,15421.054,16304.805
"Other advanced economies",763.218,869.908,942.651,1016.461,1121.786,1206.886,1297.458,1413.419,1540.932,1674.31,1810.303,1937.772,2058.617,2194.072,2377.578,2699.855,2881.257,3067.418,3128.112,3343.992,3620.987,3796.723,4004.807,4196.822,4533.644,4868.496,5259.963,5679.36,5892.926,5877.135,6294.428,6644.076,6857.582,7194.897,7437.655,7692.857,8007.181,8391.506,8829.41,9161.386,9084.945,9959.253,10962.391,11601.286,12141.669,12654.694,13189.098,13740.147
"Sub-Saharan Africa",343.378,387.819,413.739,429.17,460.421,480.418,503.472,529.246,569.204,607.192,813.63,841.143,860.057,893.071,926.753,982.006,1046.705,1100.033,1167.085,1210.502,1285.452,1372.358,1475.983,1574.54,1724.096,1887.002,2060.112,2252.259,2422.223,2521.735,2724.34,2949.149,3055.899,3259.196,3486.897,3567.504,3668.191,3818.615,4037.337,4236.501,4209.938,4589.237,5090.793,5466.052,5805.461,6157.669,6538.877,6953.521
World,13400.209,14930.382,15909.301,16934.331,18321.225,19579.824,20669.482,21981.84,23788.83,25630.201,27659.306,29295.591,33270.148,34719.277,36509.056,38640.04,40857.982,43242.683,44926.541,47125.482,50498.195,52878.461,55218.306,58589.628,63335.218,68426.916,74266.032,80392.859,84371.972,84583.956,90151.344,95701.819,100691.8,105648.957,109595.081,111857.084,116168.54,122351.472,129708.966,135641.445,132936.143,146607.921,161449.514,171548.573,180655.429,190126.131,200153.599,210591.31
,,,,,,,,,,,,,,,,,,,,,,,,,,,,,,,,,,,,,,,,,,,,,,,,
"Â©IMF, 2022",,,,,,,,,,,,,,,,,,,,,,,,,,,,,,,,,,,,,,,,,,,,,,,,
